_id,Year,Quarter,Origin,Dest,Pax From Origin,Pax To Origin,Freight From Origin,Freight To Origin,Continent
1,2015,1,MUMBAI,ABUDHABI,80696,65961,1940.8,1118.21,Asia
2,2015,2,MUMBAI,ABUDHABI,83807,79788,2578.68,1487.49,Asia
3,2015,3,MUMBAI,ABUDHABI,86560,70306,2661.29,2017.14,Asia
4,2015,4,MUMBAI,ABUDHABI,92011,90657,48903.98,1936.51,Asia
5,2015,1,MUMBAI,ADDIS ABABA,20996,16326,2622.94,116.01,Africa
6,2015,3,MUMBAI,ADDIS ABABA,6512,7307,1195.55,31.31,Africa
7,2015,4,MUMBAI,ADDIS ABABA,0,0,0.0,0.0,Africa
8,2015,1,MUMBAI,ADEN,2199,3299,31.77,0.0,Asia
9,2015,2,MUMBAI,ADEN,0,0,0.0,0.0,Asia
10,2015,3,MUMBAI,ADEN,427,21,1.29,0.0,Asia
11,2015,4,MUMBAI,ADEN,200,0,2.21,0.0,Asia
12,2015,1,MUMBAI,AMSTERDAM,23140,22640,1978.6,950.17,Europe
13,2015,1,MUMBAI,BAHRAIN,36746,27815,821.73,446.64,Asia
14,2015,2,MUMBAI,BAHRAIN,39885,35049,1047.3,387.87,Asia
15,2015,3,MUMBAI,BAHRAIN,35790,28858,980.57,44.98,Asia
16,2015,4,MUMBAI,BAHRAIN,36521,37649,1009.86,44.25,Asia
17,2015,1,MUMBAI,BANGKOK,94099,90096,1925.73,3127.24,Asia
18,2015,2,MUMBAI,BANGKOK,90960,92270,1801.72,3202.89,Asia
19,2015,3,MUMBAI,BANGKOK,74987,71849,1666.87,3884.22,Asia
20,2015,4,MUMBAI,BANGKOK,83667,82041,1601.22,3901.13,Asia
21,2015,1,MUMBAI,BRUSELLS,13480,12256,520.58,843.96,Europe
22,2015,2,MUMBAI,BRUSELLS,12425,11014,675.07,774.95,Europe
23,2015,3,MUMBAI,BRUSELLS,12393,13356,617.09,724.56,Europe
24,2015,4,MUMBAI,BRUSELLS,11968,12546,607.99,700.5,Europe
25,2015,1,MUMBAI,CAIRO,3529,2427,31.5,29.06,Africa
26,2015,2,MUMBAI,CAIRO,4446,3365,49.28,70.7,Africa
27,2015,3,MUMBAI,CAIRO,4169,3702,20.94,2.41,Africa
28,2015,4,MUMBAI,CAIRO,3927,3785,18.73,9.63,Africa
29,2015,1,MUMBAI,COLOGNE,0,0,1230.41,37.34,Europe
30,2015,2,MUMBAI,COLOGNE,0,0,1355.06,17.86,Europe
31,2015,3,MUMBAI,COLOGNE,0,0,1186.93,0.0,Europe
32,2015,4,MUMBAI,COLOGNE,0,0,1082.38,0.0,Europe
33,2015,1,MUMBAI,COLOMBO,37469,35501,351.19,370.63,Asia
34,2015,2,MUMBAI,COLOMBO,32752,31439,308.93,346.3,Asia
35,2015,3,MUMBAI,COLOMBO,35703,35140,472.61,320.25,Asia
36,2015,4,MUMBAI,COLOMBO,36841,36243,378.85,217.48,Asia
37,2015,1,MUMBAI,DAMMAM,20836,17995,358.89,37.19,Asia
38,2015,2,MUMBAI,DAMMAM,16302,14511,220.65,23.38,Asia
39,2015,3,MUMBAI,DAMMAM,12778,12265,137.12,12.78,Asia
40,2015,4,MUMBAI,DAMMAM,14206,13197,145.42,34.97,Asia
41,2015,1,MUMBAI,DHAKA,12389,13837,133.02,200.83,Asia
42,2015,2,MUMBAI,DHAKA,8036,9119,255.07,225.31,Asia
43,2015,3,MUMBAI,DHAKA,13091,8397,112.34,240.57,Asia
44,2015,4,MUMBAI,DHAKA,10176,11021,125.7,213.42,Asia
45,2015,1,MUMBAI,DOHA,61336,49362,3917.18,2312.66,Asia
46,2015,2,MUMBAI,DOHA,61606,54555,4139.13,2970.94,Asia
47,2015,3,MUMBAI,DOHA,56631,50475,4412.02,3509.85,Asia
48,2015,4,MUMBAI,DOHA,57799,58002,5394.8,4065.23,Asia
49,2015,1,MUMBAI,DUBAI,300106,260038,13084.15,5551.64,Asia
50,2015,2,MUMBAI,DUBAI,277744,257107,13490.47,5627.66,Asia
51,2015,3,MUMBAI,DUBAI,263796,232331,11726.35,4448.21,Asia
52,2015,4,MUMBAI,DUBAI,280061,280290,11859.24,4331.98,Asia
53,2015,1,MUMBAI,FRANKFURT,27909,24734,2026.13,4208.84,Europe
54,2015,2,MUMBAI,FRANKFURT,20413,15558,2551.05,4363.61,Europe
55,2015,3,MUMBAI,FRANKFURT,30036,26954,1970.65,4574.88,Europe
56,2015,4,MUMBAI,FRANKFURT,17942,24393,5232.77,4295.48,Europe
57,2015,1,MUMBAI,GUANGZHOU,0,0,341.44,11.89,Asia
58,2015,2,MUMBAI,GUANGZHOU,0,0,300.11,0.0,Asia
59,2015,3,MUMBAI,GUANGZHOU,0,0,306.29,0.0,Asia
60,2015,4,MUMBAI,GUANGZHOU,0,0,339.85,0.0,Asia
61,2015,3,MUMBAI,HO CHI MINH CITY,1008,1680,43.41,0.43,Asia
62,2015,4,MUMBAI,HO CHI MINH CITY,1643,2267,49.42,1.74,Asia
63,2015,1,MUMBAI,HONG KONG,49294,46451,7342.59,3833.96,Asia
64,2015,2,MUMBAI,HONG KONG,64680,65113,4593.88,5875.41,Asia
65,2015,3,MUMBAI,HONG KONG,51436,53883,4315.66,5620.32,Asia
66,2015,4,MUMBAI,HONG KONG,55228,57225,5215.51,6467.38,Asia
67,2015,1,MUMBAI,ISTANBUL,28909,25242,1973.26,1130.78,Europe
68,2015,2,MUMBAI,ISTANBUL,28288,24652,2033.07,1352.73,Europe
69,2015,3,MUMBAI,ISTANBUL,28171,26629,2038.49,1271.02,Europe
70,2015,4,MUMBAI,ISTANBUL,16128,19677,851.96,849.21,Europe
71,2015,1,MUMBAI,JEDDAH,53886,53255,1040.54,258.25,Asia
72,2015,2,MUMBAI,JEDDAH,53317,46555,1852.75,279.83,Asia
73,2015,3,MUMBAI,JEDDAH,40790,37860,1149.35,31.83,Asia
74,2015,4,MUMBAI,JEDDAH,43640,47010,1158.14,26.08,Asia
75,2015,1,MUMBAI,JOHANNESBERG,11916,8483,644.18,52.62,Africa
76,2015,1,MUMBAI,KARACHI,3581,2228,95.72,15.75,Asia
77,2015,2,MUMBAI,KARACHI,3438,1836,83.67,6.05,Asia
78,2015,3,MUMBAI,KARACHI,2941,1737,71.38,1.45,Asia
79,2015,4,MUMBAI,KARACHI,2650,1943,81.68,1.37,Asia
80,2015,1,MUMBAI,KATHMANDU,25412,22835,30.62,49.6,Asia
81,2015,2,MUMBAI,KATHMANDU,9173,12720,87.29,39.56,Asia
82,2015,3,MUMBAI,KATHMANDU,6663,5920,40.58,34.48,Asia
83,2015,4,MUMBAI,KATHMANDU,10363,12641,40.37,41.54,Asia
84,2015,1,MUMBAI,KUALALUMPUR,34222,30705,1077.94,983.44,Asia
85,2015,2,MUMBAI,KUALALUMPUR,39987,41804,1145.08,1079.34,Asia
86,2015,3,MUMBAI,KUALALUMPUR,32112,32673,981.1,870.07,Asia
87,2015,4,MUMBAI,KUALALUMPUR,31948,35455,377.71,216.34,Asia
88,2015,1,MUMBAI,KUWAIT,50308,37922,1574.96,1184.48,Asia
89,2015,2,MUMBAI,KUWAIT,50148,40993,1792.93,694.76,Asia
90,2015,3,MUMBAI,KUWAIT,43844,39712,1579.49,67.23,Asia
91,2015,4,MUMBAI,KUWAIT,47037,45132,1764.19,67.35,Asia
92,2015,1,MUMBAI,LONDON,94554,83375,5999.65,4312.82,Europe
93,2015,2,MUMBAI,LONDON,117999,93260,7659.04,5266.53,Europe
94,2015,3,MUMBAI,LONDON,115865,106485,6890.89,4932.62,Europe
95,2015,4,MUMBAI,LONDON,81090,110355,6242.1,4105.09,Europe
96,2015,1,MUMBAI,MARUITIUS,10564,9846,304.9,16.46,Africa
97,2015,2,MUMBAI,MARUITIUS,14998,13542,598.6,49.76,Africa
98,2015,3,MUMBAI,MARUITIUS,9330,9577,476.79,10.49,Africa
99,2015,4,MUMBAI,MARUITIUS,12905,12663,440.9,18.0,Africa
100,2015,1,MUMBAI,MEDINA,1730,3809,2.5,0.17,Asia
101,2015,2,MUMBAI,MEDINA,1510,2702,18.48,0.1,Asia
102,2015,3,MUMBAI,MEDINA,758,1354,8.63,0.0,Asia
103,2015,4,MUMBAI,MEDINA,1115,3049,0.1,0.29,Asia
104,2015,1,MUMBAI,MUENCHEN,16445,13922,1095.08,1350.62,Europe
105,2015,2,MUMBAI,MUENCHEN,19354,16347,1124.89,1417.4,Europe
106,2015,3,MUMBAI,MUENCHEN,19376,17450,1021.71,1311.05,Europe
107,2015,4,MUMBAI,MUENCHEN,11480,14703,963.7,1143.25,Europe
108,2015,1,MUMBAI,MUSCAT,69319,54046,740.17,256.17,Asia
109,2015,2,MUMBAI,MUSCAT,67071,57681,764.58,137.06,Asia
110,2015,3,MUMBAI,MUSCAT,65965,49753,788.75,24.61,Asia
111,2015,4,MUMBAI,MUSCAT,64091,61052,727.45,47.83,Asia
112,2015,1,MUMBAI,NAIROBI,30259,23830,1234.34,73.97,Africa
113,2015,2,MUMBAI,NAIROBI,24593,19277,721.03,39.25,Africa
114,2015,3,MUMBAI,NAIROBI,21624,26330,265.54,579.88,Africa
115,2015,4,MUMBAI,NAIROBI,24603,23814,511.96,251.04,Africa
116,2015,1,MUMBAI,NARITA,2594,2125,0.0,0.0,Asia
117,2015,2,MUMBAI,NARITA,1368,1431,0.0,0.0,Asia
118,2015,3,MUMBAI,NARITA,1098,1148,0.0,0.0,Asia
119,2015,4,MUMBAI,NARITA,1536,1492,0.0,0.0,Asia
120,2015,2,MUMBAI,NAVOI,0,0,133.41,150.41,Asia
121,2015,3,MUMBAI,NAVOI,0,0,526.97,1634.92,Asia
122,2015,4,MUMBAI,NAVOI,0,0,278.44,245.86,Asia
123,2015,1,MUMBAI,NEW YORK,3185,1237,0.0,0.0,North America
124,2015,2,MUMBAI,NEW YORK,4067,2690,0.0,0.0,North America
125,2015,3,MUMBAI,NEW YORK,16071,11460,192.08,22.0,North America
126,2015,4,MUMBAI,NEW YORK,9654,14145,193.96,50.11,North America
127,2015,1,MUMBAI,NEWARK,47977,39718,470.08,535.61,North America
128,2015,2,MUMBAI,NEWARK,51714,45613,755.32,674.67,North America
129,2015,3,MUMBAI,NEWARK,42328,36723,393.23,597.89,North America
130,2015,4,MUMBAI,NEWARK,30536,34765,389.29,551.33,North America
131,2015,1,MUMBAI,OSAKA,179,283,0.0,0.0,Asia
132,2015,2,MUMBAI,OSAKA,109,181,0.0,0.0,Asia
133,2015,3,MUMBAI,OSAKA,180,225,0.0,0.0,Asia
134,2015,4,MUMBAI,OSAKA,141,281,0.0,0.0,Asia
135,2015,1,MUMBAI,PARIS,36814,34593,2249.79,1733.99,Europe
136,2015,2,MUMBAI,PARIS,35130,33281,2844.26,1754.8,Europe
137,2015,3,MUMBAI,PARIS,29598,29543,1916.98,1562.57,Europe
138,2015,4,MUMBAI,PARIS,29380,34946,2155.62,1970.35,Europe
139,2015,1,MUMBAI,RIYADH,55467,44601,1110.68,560.9,Asia
140,2015,2,MUMBAI,RIYADH,47154,43776,1204.73,647.76,Asia
141,2015,3,MUMBAI,RIYADH,46850,44950,1293.55,198.4,Asia
142,2015,4,MUMBAI,RIYADH,47042,46139,1173.77,89.74,Asia
143,2015,1,MUMBAI,SANAA,4903,3542,119.74,2.2,Asia
144,2015,2,MUMBAI,SANAA,318,0,0.0,0.0,Asia
145,2015,3,MUMBAI,SANAA,298,0,0.0,0.0,Asia
146,2015,4,MUMBAI,SANAA,174,44,0.08,0.0,Asia
147,2015,1,MUMBAI,SEOUL,9573,7125,287.99,216.92,Asia
148,2015,2,MUMBAI,SEOUL,6886,5633,329.91,178.59,Asia
149,2015,3,MUMBAI,SEOUL,6608,6341,229.34,455.97,Asia
150,2015,4,MUMBAI,SEOUL,6071,7377,219.24,194.51,Asia
151,2015,1,MUMBAI,SEYCHELLES,3690,3374,3.52,0.8,Africa
152,2015,2,MUMBAI,SEYCHELLES,4175,3965,12.4,1.72,Africa
153,2015,3,MUMBAI,SEYCHELLES,5068,5377,8.41,0.41,Africa
154,2015,4,MUMBAI,SEYCHELLES,5165,5903,7.99,0.34,Africa
155,2015,1,MUMBAI,SHANGHAI,2316,2335,0.0,6.96,Asia
156,2015,2,MUMBAI,SHANGHAI,2483,2590,0.0,0.0,Asia
157,2015,3,MUMBAI,SHANGHAI,2320,2061,0.0,0.0,Asia
158,2015,4,MUMBAI,SHANGHAI,3761,3518,0.0,0.0,Asia
159,2015,1,MUMBAI,SHARJAH,28913,22348,400.76,278.21,Asia
160,2015,2,MUMBAI,SHARJAH,28758,26560,450.98,136.5,Asia
161,2015,3,MUMBAI,SHARJAH,27608,23267,422.66,6.95,Asia
162,2015,4,MUMBAI,SHARJAH,29528,24790,363.29,16.92,Asia
163,2015,1,MUMBAI,SHENZHEN,0,0,41.62,0.0,Asia
164,2015,2,MUMBAI,SHENZHEN,0,0,3.35,0.0,Asia
165,2015,3,MUMBAI,SHENZHEN,0,0,0.0,0.0,Asia
166,2015,4,MUMBAI,SHENZHEN,0,0,0.0,0.0,Asia
167,2015,1,MUMBAI,SINGAPORE,94249,79324,2438.73,2588.24,Asia
168,2015,2,MUMBAI,SINGAPORE,91884,90346,2876.53,2800.89,Asia
169,2015,3,MUMBAI,SINGAPORE,78103,75548,2978.07,3645.8,Asia
170,2015,4,MUMBAI,SINGAPORE,89902,97286,3825.83,4518.25,Asia
171,2015,1,MUMBAI,TAIPAE,0,0,0.0,67.69,Asia
172,2015,2,MUMBAI,TAIPAE,0,0,0.0,90.91,Asia
173,2015,3,MUMBAI,TAIPAE,0,0,0.0,88.19,Asia
174,2015,4,MUMBAI,TAIPAE,0,0,0.0,101.85,Asia
175,2015,1,MUMBAI,TEHRAN,4108,4494,123.81,2.44,Asia
176,2015,2,MUMBAI,TEHRAN,4661,4540,131.16,1.69,Asia
177,2015,3,MUMBAI,TEHRAN,3875,3709,102.75,10.51,Asia
178,2015,4,MUMBAI,TEHRAN,4824,4895,112.41,11.36,Asia
179,2015,1,MUMBAI,TELAVIV,9773,8664,392.47,269.69,Asia
180,2015,2,MUMBAI,TELAVIV,6692,5693,310.06,182.74,Asia
181,2015,3,MUMBAI,TELAVIV,6663,6874,310.71,173.05,Asia
182,2015,4,MUMBAI,TELAVIV,7936,8293,311.65,196.03,Asia
183,2015,1,MUMBAI,ZURICH,19185,14119,1532.98,1137.95,Europe
184,2015,2,MUMBAI,ZURICH,20279,16091,1419.63,1193.66,Europe
185,2015,3,MUMBAI,ZURICH,20518,17276,1449.92,1344.28,Europe
186,2015,4,MUMBAI,ZURICH,17204,17778,1425.13,1300.02,Europe
1,2016,1,MUMBAI,ABUDHABI,101925,161740,2663.8,1639.66,Asia
2,2016,2,MUMBAI,ABUDHABI,110541,93621,2275.68,777.33,Asia
3,2016,3,MUMBAI,ABUDHABI,110615,90785,2249.5,1696.86,Asia
4,2016,4,MUMBAI,ABUDHABI,100114,109660,3486.51,1763.91,Asia
5,2016,1,MUMBAI,ADDIS ABABA,7922,7699,1182.74,177.49,Africa
6,2016,2,MUMBAI,ADDIS ABABA,31010,27725,3528.53,310.54,Africa
7,2016,3,MUMBAI,ADDIS ABABA,23382,23790,1636.91,242.57,Africa
8,2016,4,MUMBAI,ADDIS ABABA,22402,26132,1799.71,359.55,Africa
9,2016,1,MUMBAI,ADEN,0,0,0.0,0.0,Asia
10,2016,2,MUMBAI,ADEN,153,16,0.36,0.0,Asia
11,2016,3,MUMBAI,ADEN,430,219,2.78,0.0,Asia
12,2016,4,MUMBAI,ADEN,1268,1111,3.88,0.0,Asia
13,2016,1,MUMBAI,AMSTERDAM,1334,1019,29.22,125.15,Europe
14,2016,2,MUMBAI,AMSTERDAM,24157,20400,732.06,953.07,Europe
15,2016,3,MUMBAI,AMSTERDAM,24527,23507,842.2,971.24,Europe
16,2016,4,MUMBAI,AMSTERDAM,24111,28031,1378.35,1531.65,Europe
17,2016,2,MUMBAI,ANTALYA,0,0,1.1,0.0,Europe
18,2016,3,MUMBAI,ANTALYA,0,0,0.0,0.0,Europe
19,2016,4,MUMBAI,ANTALYA,0,0,0.0,0.0,Europe
20,2016,1,MUMBAI,BAHRAIN,41020,33073,951.59,71.85,Asia
21,2016,2,MUMBAI,BAHRAIN,36161,36810,953.56,53.85,Asia
22,2016,3,MUMBAI,BAHRAIN,36386,33029,789.85,44.41,Asia
23,2016,4,MUMBAI,BAHRAIN,32517,35491,875.89,80.02,Asia
24,2016,1,MUMBAI,BANGKOK,85727,79539,1591.53,3332.78,Asia
25,2016,2,MUMBAI,BANGKOK,92887,94150,1321.62,2761.29,Asia
26,2016,3,MUMBAI,BANGKOK,92518,90321,1376.02,3044.22,Asia
27,2016,4,MUMBAI,BANGKOK,97761,96725,1839.87,3973.12,Asia
28,2016,1,MUMBAI,BRUSELLS,11445,10805,411.94,659.46,Europe
29,2016,2,MUMBAI,BRUSELLS,0,0,0.0,0.0,Europe
30,2016,3,MUMBAI,BRUSELLS,0,0,0.0,0.0,Europe
31,2016,4,MUMBAI,BRUSELLS,0,0,0.0,0.0,Europe
32,2016,1,MUMBAI,CAIRO,3932,3328,12.55,17.24,Africa
33,2016,2,MUMBAI,CAIRO,4392,3542,25.09,2.44,Africa
34,2016,3,MUMBAI,CAIRO,3677,3169,47.53,3.93,Africa
35,2016,4,MUMBAI,CAIRO,4248,4466,115.55,8.75,Africa
36,2016,1,MUMBAI,COLOGNE,0,0,934.8,0.0,Europe
37,2016,2,MUMBAI,COLOGNE,0,0,1058.58,0.0,Europe
38,2016,3,MUMBAI,COLOGNE,0,0,918.72,0.0,Europe
39,2016,4,MUMBAI,COLOGNE,0,0,851.06,0.0,Europe
40,2016,1,MUMBAI,COLOMBO,39760,38402,412.04,334.64,Asia
41,2016,2,MUMBAI,COLOMBO,34068,33232,372.32,282.91,Asia
42,2016,3,MUMBAI,COLOMBO,39036,38048,363.58,378.28,Asia
43,2016,4,MUMBAI,COLOMBO,39722,37987,508.18,281.04,Asia
44,2016,1,MUMBAI,DAMMAM,14068,11413,141.38,57.69,Asia
45,2016,2,MUMBAI,DAMMAM,14305,16258,155.18,29.7,Asia
46,2016,3,MUMBAI,DAMMAM,24947,23009,173.23,15.38,Asia
47,2016,4,MUMBAI,DAMMAM,19375,17805,485.92,55.72,Asia
48,2016,1,MUMBAI,DHAKA,9829,10070,228.58,180.27,Asia
49,2016,2,MUMBAI,DHAKA,7572,11097,223.62,240.14,Asia
50,2016,3,MUMBAI,DHAKA,11770,11053,137.83,269.38,Asia
51,2016,4,MUMBAI,DHAKA,11561,13229,175.97,224.2,Asia
52,2016,1,MUMBAI,DOHA,56799,43314,4780.56,3752.81,Asia
53,2016,2,MUMBAI,DOHA,54098,50915,5393.76,3454.19,Asia
54,2016,3,MUMBAI,DOHA,51894,51512,4828.01,4019.64,Asia
55,2016,4,MUMBAI,DOHA,50480,53761,5836.92,4653.97,Asia
56,2016,1,MUMBAI,DUBAI,306820,266241,11822.45,4898.36,Asia
57,2016,2,MUMBAI,DUBAI,293911,285634,13344.59,4439.97,Asia
58,2016,3,MUMBAI,DUBAI,297325,272797,11344.47,4161.89,Asia
59,2016,4,MUMBAI,DUBAI,287188,304405,13718.41,5264.68,Asia
60,2016,1,MUMBAI,FRANKFURT,30614,23900,2583.19,3789.24,Europe
61,2016,2,MUMBAI,FRANKFURT,30057,25399,2212.97,3169.73,Europe
62,2016,3,MUMBAI,FRANKFURT,30446,26641,2462.13,3789.75,Europe
63,2016,4,MUMBAI,FRANKFURT,18999,24919,2076.44,3622.1,Europe
64,2016,1,MUMBAI,GUANGZHOU,0,0,356.65,0.0,Asia
65,2016,2,MUMBAI,GUANGZHOU,0,0,444.66,0.0,Asia
66,2016,3,MUMBAI,GUANGZHOU,0,0,425.7,0.0,Asia
67,2016,4,MUMBAI,GUANGZHOU,0,0,398.77,159.02,Asia
68,2016,1,MUMBAI,HO CHI MINH CITY,1902,2245,45.93,0.0,Asia
69,2016,2,MUMBAI,HO CHI MINH CITY,0,0,0.0,0.0,Asia
70,2016,3,MUMBAI,HO CHI MINH CITY,0,0,0.0,0.0,Asia
71,2016,4,MUMBAI,HO CHI MINH CITY,0,0,0.0,0.0,Asia
72,2016,1,MUMBAI,HONG KONG,55001,50400,4022.18,4685.52,Asia
73,2016,2,MUMBAI,HONG KONG,58131,57637,3717.22,5339.35,Asia
74,2016,3,MUMBAI,HONG KONG,52364,51134,3825.33,5441.77,Asia
75,2016,4,MUMBAI,HONG KONG,54203,55842,3611.64,5424.97,Asia
76,2016,1,MUMBAI,ISTANBUL,28759,25043,3054.28,2212.22,Europe
77,2016,2,MUMBAI,ISTANBUL,31286,27118,2073.47,1337.51,Europe
78,2016,3,MUMBAI,ISTANBUL,28156,26450,777.12,558.62,Europe
79,2016,4,MUMBAI,ISTANBUL,25017,32842,2118.87,1676.17,Europe
80,2016,1,MUMBAI,JEDDAH,59288,52907,1642.12,30.55,Asia
81,2016,2,MUMBAI,JEDDAH,59701,51540,1702.2,374.93,Asia
82,2016,3,MUMBAI,JEDDAH,43623,39800,1477.7,14.53,Asia
83,2016,4,MUMBAI,JEDDAH,43948,46084,1939.24,13.93,Asia
84,2016,1,MUMBAI,KARACHI,2830,1291,44.09,2.37,Asia
85,2016,2,MUMBAI,KARACHI,2842,1602,43.18,4.56,Asia
86,2016,3,MUMBAI,KARACHI,2567,1388,6.13,2.08,Asia
87,2016,4,MUMBAI,KARACHI,715,719,20.36,1.3,Asia
88,2016,1,MUMBAI,KATHMANDU,13012,13667,12.35,26.74,Asia
89,2016,2,MUMBAI,KATHMANDU,11576,14147,19.2,4.46,Asia
90,2016,3,MUMBAI,KATHMANDU,12439,13016,16.41,8.35,Asia
91,2016,4,MUMBAI,KATHMANDU,16161,22162,10.24,34.73,Asia
92,2016,1,MUMBAI,KUALALUMPUR,35431,34504,181.19,85.84,Asia
93,2016,2,MUMBAI,KUALALUMPUR,35759,37314,239.17,81.53,Asia
94,2016,3,MUMBAI,KUALALUMPUR,30743,31686,480.07,480.41,Asia
95,2016,4,MUMBAI,KUALALUMPUR,29261,31194,512.13,841.02,Asia
96,2016,1,MUMBAI,KUWAIT,43617,33779,1315.87,104.16,Asia
97,2016,2,MUMBAI,KUWAIT,48191,44396,1735.45,78.99,Asia
98,2016,3,MUMBAI,KUWAIT,47700,43853,1416.07,51.3,Asia
99,2016,4,MUMBAI,KUWAIT,46460,45398,1552.89,171.69,Asia
100,2016,2,MUMBAI,LEIPZIG,0,0,0.1,0.0,Europe
101,2016,3,MUMBAI,LEIPZIG,0,0,0.0,0.0,Europe
102,2016,4,MUMBAI,LEIPZIG,0,0,0.0,0.0,Europe
103,2016,1,MUMBAI,LONDON,116571,105678,6284.67,4359.5,Europe
104,2016,2,MUMBAI,LONDON,112550,89543,6456.76,4009.65,Europe
105,2016,3,MUMBAI,LONDON,113892,109011,6970.4,5140.93,Europe
106,2016,4,MUMBAI,LONDON,95071,124608,6359.71,4632.23,Europe
107,2016,2,MUMBAI,LUXEMBOURG,0,0,562.61,244.39,Europe
108,2016,3,MUMBAI,LUXEMBOURG,0,0,1194.3,668.05,Europe
109,2016,4,MUMBAI,LUXEMBOURG,0,0,619.77,194.62,Europe
110,2016,4,MUMBAI,MALE,0,0,0.0,0.0,Asia
111,2016,1,MUMBAI,MALPENSA,0,0,77.08,63.37,Europe
112,2016,2,MUMBAI,MALPENSA,0,0,0.0,324.98,Europe
113,2016,3,MUMBAI,MALPENSA,0,0,0.0,384.63,Europe
114,2016,4,MUMBAI,MALPENSA,0,0,0.0,226.59,Europe
115,2016,1,MUMBAI,MARUITIUS,13960,12378,467.38,20.15,Africa
116,2016,2,MUMBAI,MARUITIUS,15774,14317,411.35,24.19,Africa
117,2016,3,MUMBAI,MARUITIUS,14242,13572,393.04,23.4,Africa
118,2016,4,MUMBAI,MARUITIUS,13253,13537,468.07,18.87,Africa
119,2016,1,MUMBAI,MEDINA,1330,3027,1.39,0.0,Asia
120,2016,2,MUMBAI,MEDINA,1725,3437,0.0,0.03,Asia
121,2016,3,MUMBAI,MEDINA,942,1227,0.0,1.14,Asia
122,2016,4,MUMBAI,MEDINA,2338,4926,0.0,0.03,Asia
123,2016,1,MUMBAI,MUENCHEN,16871,15257,1201.69,1272.08,Europe
124,2016,2,MUMBAI,MUENCHEN,18083,15355,1239.04,1165.39,Europe
125,2016,3,MUMBAI,MUENCHEN,19327,16975,1108.14,1284.2,Europe
126,2016,4,MUMBAI,MUENCHEN,13358,17193,1003.01,1266.5,Europe
127,2016,1,MUMBAI,MUSCAT,69869,54447,2005.03,56.9,Asia
128,2016,2,MUMBAI,MUSCAT,65906,57247,1386.66,61.69,Asia
129,2016,3,MUMBAI,MUSCAT,65379,54112,812.0,38.91,Asia
130,2016,4,MUMBAI,MUSCAT,58871,60260,980.08,73.83,Asia
131,2016,1,MUMBAI,NAIROBI,26766,20720,477.12,33.23,Africa
132,2016,2,MUMBAI,NAIROBI,12517,10983,8.21,29.52,Africa
133,2016,3,MUMBAI,NAIROBI,21050,20207,9.2,37.22,Africa
134,2016,4,MUMBAI,NAIROBI,16990,19459,27.78,25.29,Africa
135,2016,1,MUMBAI,NARITA,6996,6073,422.06,108.96,Asia
136,2016,2,MUMBAI,NARITA,9217,8645,0.0,0.0,Asia
137,2016,3,MUMBAI,NARITA,7966,8203,0.0,0.0,Asia
138,2016,4,MUMBAI,NARITA,9550,10055,0.0,0.0,Asia
139,2016,1,MUMBAI,NAVOI,0,0,264.35,214.19,Asia
140,2016,2,MUMBAI,NAVOI,0,0,391.62,206.23,Asia
141,2016,3,MUMBAI,NAVOI,0,0,37.22,32.78,Asia
142,2016,4,MUMBAI,NAVOI,0,0,0.0,0.0,Asia
143,2016,1,MUMBAI,NEW YORK,14165,9969,242.54,103.78,North America
144,2016,2,MUMBAI,NEW YORK,3715,1883,192.39,123.13,North America
145,2016,3,MUMBAI,NEW YORK,4662,1817,177.89,164.86,North America
146,2016,4,MUMBAI,NEW YORK,2065,2478,159.76,170.88,North America
147,2016,1,MUMBAI,NEWARK,37074,34373,395.78,394.62,North America
148,2016,2,MUMBAI,NEWARK,41176,35975,370.47,393.05,North America
149,2016,3,MUMBAI,NEWARK,44847,41218,440.47,321.52,North America
150,2016,4,MUMBAI,NEWARK,38495,44078,489.39,361.41,North America
151,2016,1,MUMBAI,OSAKA,208,225,0.0,0.0,Asia
152,2016,2,MUMBAI,OSAKA,212,333,4.08,17.12,Asia
153,2016,3,MUMBAI,OSAKA,202,264,3.18,3.57,Asia
154,2016,4,MUMBAI,OSAKA,133,261,5.52,5.38,Asia
155,2016,1,MUMBAI,PARIS,35473,33189,2081.59,1966.47,Europe
156,2016,2,MUMBAI,PARIS,35237,30548,2172.62,1870.66,Europe
157,2016,3,MUMBAI,PARIS,33749,35909,2057.11,1839.24,Europe
158,2016,4,MUMBAI,PARIS,35918,44288,2385.78,2254.97,Europe
159,2016,1,MUMBAI,RIYADH,50959,41283,1640.42,15.0,Asia
160,2016,2,MUMBAI,RIYADH,47100,46921,1424.01,166.94,Asia
161,2016,3,MUMBAI,RIYADH,43549,43550,1357.23,275.21,Asia
162,2016,4,MUMBAI,RIYADH,36386,37244,1909.39,452.73,Asia
163,2016,1,MUMBAI,SANAA,217,59,3.26,0.0,Asia
164,2016,2,MUMBAI,SANAA,612,414,6.44,0.0,Asia
165,2016,3,MUMBAI,SANAA,150,363,0.23,0.0,Asia
166,2016,4,MUMBAI,SANAA,0,0,0.0,0.0,Asia
167,2016,1,MUMBAI,SEOUL,6766,6420,220.9,204.32,Asia
168,2016,2,MUMBAI,SEOUL,7128,6043,208.79,169.25,Asia
169,2016,3,MUMBAI,SEOUL,5646,6145,206.43,159.76,Asia
170,2016,4,MUMBAI,SEOUL,6244,7457,219.21,172.56,Asia
171,2016,1,MUMBAI,SEYCHELLES,6340,6332,6.1,0.38,Africa
172,2016,2,MUMBAI,SEYCHELLES,6907,6546,10.22,2.59,Africa
173,2016,3,MUMBAI,SEYCHELLES,6906,6543,28.45,0.46,Africa
174,2016,4,MUMBAI,SEYCHELLES,12121,4695,10.81,1.39,Africa
175,2016,1,MUMBAI,SHANGHAI,3439,3444,36.96,64.97,Asia
176,2016,2,MUMBAI,SHANGHAI,3884,3756,114.83,278.07,Asia
177,2016,3,MUMBAI,SHANGHAI,3309,3635,104.69,357.5,Asia
178,2016,4,MUMBAI,SHANGHAI,3546,4200,103.68,426.84,Asia
179,2016,1,MUMBAI,SHARJAH,29575,25886,425.89,3.91,Asia
180,2016,2,MUMBAI,SHARJAH,39274,35132,455.19,163.78,Asia
181,2016,3,MUMBAI,SHARJAH,38780,33630,543.18,106.48,Asia
182,2016,4,MUMBAI,SHARJAH,37636,36745,345.15,32.33,Asia
183,2016,1,MUMBAI,SHENZHEN,0,0,0.0,0.0,Asia
184,2016,2,MUMBAI,SHENZHEN,0,0,0.0,0.0,Asia
185,2016,3,MUMBAI,SHENZHEN,0,0,0.0,0.0,Asia
186,2016,4,MUMBAI,SHENZHEN,0,0,0.0,0.0,Asia
187,2016,1,MUMBAI,SINGAPORE,96457,83269,3457.9,3873.29,Asia
188,2016,2,MUMBAI,SINGAPORE,94950,93369,3675.94,3639.09,Asia
189,2016,3,MUMBAI,SINGAPORE,81651,76374,3899.87,3864.34,Asia
190,2016,4,MUMBAI,SINGAPORE,101888,110718,4414.82,4090.06,Asia
191,2016,1,MUMBAI,TAIPAE,0,0,0.0,54.28,Asia
192,2016,2,MUMBAI,TAIPAE,0,0,0.0,52.17,Asia
193,2016,3,MUMBAI,TAIPAE,0,0,0.0,75.83,Asia
194,2016,4,MUMBAI,TAIPAE,0,0,0.0,89.7,Asia
195,2016,1,MUMBAI,TEHRAN,4044,4209,97.31,7.17,Asia
196,2016,2,MUMBAI,TEHRAN,4443,4231,80.69,5.0,Asia
197,2016,3,MUMBAI,TEHRAN,3347,3009,65.45,28.2,Asia
198,2016,4,MUMBAI,TEHRAN,3140,3711,45.31,10.6,Asia
199,2016,1,MUMBAI,TELAVIV,8489,7683,333.21,188.72,Asia
200,2016,2,MUMBAI,TELAVIV,6953,5903,362.63,155.4,Asia
201,2016,3,MUMBAI,TELAVIV,6671,7450,464.49,185.03,Asia
202,2016,4,MUMBAI,TELAVIV,7832,7950,332.92,130.88,Asia
203,2016,1,MUMBAI,ZURICH,19164,13458,1032.35,1347.95,Europe
204,2016,2,MUMBAI,ZURICH,20426,15487,1482.46,1205.42,Europe
205,2016,3,MUMBAI,ZURICH,19542,16516,1449.13,1183.53,Europe
206,2016,4,MUMBAI,ZURICH,16989,19389,1523.96,1333.02,Europe
1,2017,1,MUMBAI,ABUDHABI,117706,87665,2490.83,1839.91,Asia
2,2017,2,MUMBAI,ABUDHABI,108476,103325,3264.71,1512.03,Asia
3,2017,3,MUMBAI,ABUDHABI,88178,76016,3003.15,1851.57,Asia
4,2017,4,MUMBAI,ABUDHABI,85707,95546,3012.88,1745.5,Asia
5,2017,1,MUMBAI,ADDIS ABABA,0,0,0.0,0.0,Africa
6,2017,2,MUMBAI,ADDIS ABABA,37718,32274,3140.36,602.14,Africa
7,2017,3,MUMBAI,ADDIS ABABA,33156,30135,3581.37,398.51,Africa
8,2017,4,MUMBAI,ADDIS ABABA,32481,37682,2881.3,501.41,Africa
9,2017,1,MUMBAI,ADEN,1543,1676,14.37,0.0,Asia
10,2017,2,MUMBAI,ADEN,1696,1713,9.44,0.0,Asia
11,2017,3,MUMBAI,ADEN,2033,2065,3.2,0.0,Asia
12,2017,4,MUMBAI,ADEN,2205,1990,9.31,0.0,Asia
13,2017,1,MUMBAI,AMSTERDAM,29094,24731,1576.4,1633.57,Europe
14,2017,2,MUMBAI,AMSTERDAM,28794,24567,1679.41,1731.71,Europe
15,2017,3,MUMBAI,AMSTERDAM,28559,27642,1678.24,1919.42,Europe
16,2017,4,MUMBAI,AMSTERDAM,31199,37602,2017.44,2185.77,Europe
17,2017,1,MUMBAI,ANTALYA,0,0,0.0,0.0,Europe
18,2017,2,MUMBAI,ANTALYA,0,0,0.0,0.0,Europe
19,2017,3,MUMBAI,ANTALYA,0,0,0.0,0.0,Europe
20,2017,4,MUMBAI,ANTALYA,0,0,0.0,0.0,Europe
21,2017,1,MUMBAI,BAHRAIN,36773,30798,847.83,25.38,Asia
22,2017,2,MUMBAI,BAHRAIN,33053,34998,963.84,49.03,Asia
23,2017,3,MUMBAI,BAHRAIN,35091,29822,906.98,39.48,Asia
24,2017,4,MUMBAI,BAHRAIN,31301,32898,919.45,32.44,Asia
25,2017,1,MUMBAI,BANGKOK,102633,100312,2202.02,4058.29,Asia
26,2017,2,MUMBAI,BANGKOK,111943,111830,1923.9,3603.52,Asia
27,2017,3,MUMBAI,BANGKOK,93498,94491,2060.0,3585.34,Asia
28,2017,4,MUMBAI,BANGKOK,104443,105601,2010.73,3703.32,Asia
29,2017,1,MUMBAI,BRUSELLS,237,465,2.15,8.77,Europe
30,2017,2,MUMBAI,BRUSELLS,14590,11657,757.49,471.02,Europe
31,2017,3,MUMBAI,BRUSELLS,13381,11983,751.06,480.7,Europe
32,2017,4,MUMBAI,BRUSELLS,10895,15153,1084.61,710.79,Europe
33,2017,1,MUMBAI,CAIRO,4966,4520,93.31,8.55,Africa
34,2017,2,MUMBAI,CAIRO,5982,5027,103.02,35.96,Africa
35,2017,3,MUMBAI,CAIRO,5138,4377,84.3,15.08,Africa
36,2017,4,MUMBAI,CAIRO,5988,5630,218.45,71.04,Africa
37,2017,1,MUMBAI,COLOGNE,0,0,1009.94,0.0,Europe
38,2017,2,MUMBAI,COLOGNE,0,0,836.77,428.95,Europe
39,2017,3,MUMBAI,COLOGNE,0,0,1249.8,0.0,Europe
40,2017,4,MUMBAI,COLOGNE,0,0,1075.11,0.0,Europe
41,2017,1,MUMBAI,COLOMBO,41963,41601,474.96,272.45,Asia
42,2017,2,MUMBAI,COLOMBO,36892,37038,458.65,347.21,Asia
43,2017,3,MUMBAI,COLOMBO,40983,37906,435.04,466.79,Asia
44,2017,4,MUMBAI,COLOMBO,45571,44773,754.2,639.2,Asia
45,2017,1,MUMBAI,DAMMAM,20701,15513,1076.45,65.28,Asia
46,2017,2,MUMBAI,DAMMAM,17765,19723,1330.43,273.24,Asia
47,2017,3,MUMBAI,DAMMAM,20005,19496,1132.6,177.69,Asia
48,2017,4,MUMBAI,DAMMAM,17444,18533,1388.84,456.88,Asia
49,2017,4,MUMBAI,DENPASAR,8588,7176,22.17,0.0,Asia
50,2017,1,MUMBAI,DHAKA,12756,13845,85.94,196.24,Asia
51,2017,2,MUMBAI,DHAKA,9233,13002,214.4,170.63,Asia
52,2017,3,MUMBAI,DHAKA,14971,12063,51.73,183.8,Asia
53,2017,4,MUMBAI,DHAKA,12729,14031,161.87,235.91,Asia
54,2017,1,MUMBAI,DOHA,56593,51463,7535.7,5326.2,Asia
55,2017,2,MUMBAI,DOHA,59449,61290,7958.87,4753.7,Asia
56,2017,3,MUMBAI,DOHA,69925,70545,7398.6,4928.09,Asia
57,2017,4,MUMBAI,DOHA,66329,70914,7180.32,4903.81,Asia
58,2017,4,MUMBAI,DON MUEANG,5598,5106,0.0,0.0,Asia
59,2017,1,MUMBAI,DUBAI,323206,282922,13634.26,4647.92,Asia
60,2017,2,MUMBAI,DUBAI,287496,289623,14165.05,4705.55,Asia
61,2017,3,MUMBAI,DUBAI,316462,275293,12136.85,4785.14,Asia
62,2017,4,MUMBAI,DUBAI,326218,331040,12023.71,4627.27,Asia
63,2017,1,MUMBAI,FRANKFURT,29992,23267,2562.85,3924.59,Europe
64,2017,2,MUMBAI,FRANKFURT,30042,27769,2443.07,4180.68,Europe
65,2017,3,MUMBAI,FRANKFURT,28968,28491,2744.22,4342.01,Europe
66,2017,4,MUMBAI,FRANKFURT,20378,26376,2748.08,4397.11,Europe
67,2017,1,MUMBAI,GUANGZHOU,0,0,342.92,0.0,Asia
68,2017,2,MUMBAI,GUANGZHOU,0,0,400.88,1192.91,Asia
69,2017,3,MUMBAI,GUANGZHOU,0,0,347.36,1068.62,Asia
70,2017,4,MUMBAI,GUANGZHOU,0,0,245.97,1157.38,Asia
71,2017,1,MUMBAI,HO CHI MINH CITY,0,0,0.0,0.0,Asia
72,2017,2,MUMBAI,HO CHI MINH CITY,0,0,0.0,0.0,Asia
73,2017,3,MUMBAI,HO CHI MINH CITY,0,0,0.0,0.0,Asia
74,2017,4,MUMBAI,HO CHI MINH CITY,0,0,0.0,0.0,Asia
75,2017,1,MUMBAI,HONG KONG,53765,45674,3564.28,5365.16,Asia
76,2017,2,MUMBAI,HONG KONG,60163,59662,4134.38,4736.6,Asia
77,2017,3,MUMBAI,HONG KONG,51727,51652,3158.29,5390.53,Asia
78,2017,4,MUMBAI,HONG KONG,58182,60714,3862.5,5806.59,Asia
79,2017,1,MUMBAI,ISTANBUL,32708,25858,1845.87,1423.12,Europe
80,2017,2,MUMBAI,ISTANBUL,32231,28510,2507.76,1949.12,Europe
81,2017,3,MUMBAI,ISTANBUL,28817,29303,2330.76,1457.17,Europe
82,2017,4,MUMBAI,ISTANBUL,29089,32915,2469.31,1996.73,Europe
83,2017,1,MUMBAI,JEDDAH,60479,52548,2157.89,129.14,Asia
84,2017,2,MUMBAI,JEDDAH,59769,61729,3073.13,259.81,Asia
85,2017,3,MUMBAI,JEDDAH,46781,43048,2398.2,253.01,Asia
86,2017,4,MUMBAI,JEDDAH,59027,57073,2329.71,296.32,Asia
87,2017,1,MUMBAI,KARACHI,1468,1278,55.37,2.02,Asia
88,2017,2,MUMBAI,KARACHI,637,369,14.48,1.15,Asia
89,2017,3,MUMBAI,KARACHI,0,0,0.0,0.0,Asia
90,2017,4,MUMBAI,KARACHI,0,0,0.0,0.0,Asia
91,2017,1,MUMBAI,KATHMANDU,26237,22950,31.26,40.05,Asia
92,2017,2,MUMBAI,KATHMANDU,20458,28220,25.16,52.08,Asia
93,2017,3,MUMBAI,KATHMANDU,25909,20709,16.24,53.29,Asia
94,2017,4,MUMBAI,KATHMANDU,24418,26192,24.31,106.58,Asia
95,2017,2,MUMBAI,KIGALI,3447,3390,0.0,0.0,Africa
96,2017,3,MUMBAI,KIGALI,4268,3607,0.0,0.0,Africa
97,2017,4,MUMBAI,KIGALI,2728,3120,0.0,0.0,Africa
98,2017,1,MUMBAI,KUALALUMPUR,38676,37430,465.09,703.05,Asia
99,2017,2,MUMBAI,KUALALUMPUR,35303,34964,590.75,712.35,Asia
100,2017,3,MUMBAI,KUALALUMPUR,44935,42434,592.77,571.46,Asia
101,2017,4,MUMBAI,KUALALUMPUR,45540,46040,798.54,1001.36,Asia
102,2017,1,MUMBAI,KUWAIT,43993,37330,2581.2,379.47,Asia
103,2017,2,MUMBAI,KUWAIT,41204,45933,2981.35,529.26,Asia
104,2017,3,MUMBAI,KUWAIT,48075,44541,2881.05,534.11,Asia
105,2017,4,MUMBAI,KUWAIT,51281,53543,2827.2,689.46,Asia
106,2017,1,MUMBAI,LEIPZIG,0,0,0.0,0.0,Europe
107,2017,1,MUMBAI,LONDON,124728,111130,6352.61,5513.36,Europe
108,2017,2,MUMBAI,LONDON,121143,104883,7788.11,5583.26,Europe
109,2017,3,MUMBAI,LONDON,114006,115405,7141.45,5933.84,Europe
110,2017,4,MUMBAI,LONDON,105490,140209,9157.13,6088.08,Europe
111,2017,1,MUMBAI,LUXEMBOURG,0,0,1343.72,516.43,Europe
112,2017,2,MUMBAI,LUXEMBOURG,0,0,350.54,0.0,Europe
113,2017,3,MUMBAI,LUXEMBOURG,0,0,448.25,0.0,Europe
114,2017,4,MUMBAI,LUXEMBOURG,0,0,451.58,0.0,Europe
115,2017,1,MUMBAI,MALE,0,0,0.0,0.0,Asia
116,2017,1,MUMBAI,MALPENSA,0,0,0.0,231.52,Europe
117,2017,2,MUMBAI,MALPENSA,0,0,0.0,439.36,Europe
118,2017,3,MUMBAI,MALPENSA,0,0,0.0,287.45,Europe
119,2017,4,MUMBAI,MALPENSA,0,0,0.0,419.34,Europe
120,2017,1,MUMBAI,MARUITIUS,13161,12367,395.7,22.71,Africa
121,2017,2,MUMBAI,MARUITIUS,16022,14500,325.98,18.24,Africa
122,2017,3,MUMBAI,MARUITIUS,11072,10990,523.25,13.03,Africa
123,2017,4,MUMBAI,MARUITIUS,9871,13597,602.33,177.42,Africa
124,2017,1,MUMBAI,MEDINA,3029,6398,187.37,0.0,Asia
125,2017,2,MUMBAI,MEDINA,3683,6381,0.45,0.12,Asia
126,2017,3,MUMBAI,MEDINA,1183,2590,0.0,1.79,Asia
127,2017,4,MUMBAI,MEDINA,4174,7994,0.0,2.09,Asia
128,2017,2,MUMBAI,MOSCOW,0,0,0.0,2.16,Europe
129,2017,3,MUMBAI,MOSCOW,0,0,0.0,0.0,Europe
130,2017,4,MUMBAI,MOSCOW,0,0,0.0,0.0,Europe
131,2017,1,MUMBAI,MUENCHEN,20076,17250,1100.95,1288.3,Europe
132,2017,2,MUMBAI,MUENCHEN,23381,20274,1425.52,1218.93,Europe
133,2017,3,MUMBAI,MUENCHEN,22133,20672,1329.8,1291.62,Europe
134,2017,4,MUMBAI,MUENCHEN,16455,22636,1445.17,1388.42,Europe
135,2017,1,MUMBAI,MUSCAT,63339,53797,1701.0,75.2,Asia
136,2017,2,MUMBAI,MUSCAT,55754,61321,1285.17,94.86,Asia
137,2017,3,MUMBAI,MUSCAT,68270,54295,1319.25,16.39,Asia
138,2017,4,MUMBAI,MUSCAT,65722,71536,1308.22,20.25,Asia
139,2017,1,MUMBAI,NAIROBI,23940,20084,13.53,39.04,Africa
140,2017,2,MUMBAI,NAIROBI,22754,20445,29.26,39.84,Africa
141,2017,3,MUMBAI,NAIROBI,23335,22355,41.0,20.21,Africa
142,2017,4,MUMBAI,NAIROBI,22001,24784,462.87,31.6,Africa
143,2017,1,MUMBAI,NARITA,10119,8402,0.0,0.0,Asia
144,2017,2,MUMBAI,NARITA,11017,10884,0.0,0.0,Asia
145,2017,3,MUMBAI,NARITA,9764,9131,0.0,0.0,Asia
146,2017,4,MUMBAI,NARITA,11102,11507,0.0,0.0,Asia
147,2017,1,MUMBAI,NAVOI,0,0,0.0,0.0,Asia
148,2017,1,MUMBAI,NEW YORK,2394,961,160.61,221.99,North America
149,2017,2,MUMBAI,NEW YORK,3549,1900,199.04,226.25,North America
150,2017,3,MUMBAI,NEW YORK,3712,1923,121.26,216.84,North America
151,2017,4,MUMBAI,NEW YORK,1798,1864,122.22,246.07,North America
152,2017,1,MUMBAI,NEWARK,43681,39501,415.74,374.78,North America
153,2017,2,MUMBAI,NEWARK,45852,38656,466.47,289.65,North America
154,2017,3,MUMBAI,NEWARK,46095,43511,667.38,425.39,North America
155,2017,4,MUMBAI,NEWARK,39292,47347,634.89,463.12,North America
156,2017,1,MUMBAI,OSAKA,288,260,7.12,7.15,Asia
157,2017,2,MUMBAI,OSAKA,274,359,6.24,27.27,Asia
158,2017,3,MUMBAI,OSAKA,175,245,3.93,13.34,Asia
159,2017,4,MUMBAI,OSAKA,172,312,11.49,9.27,Asia
160,2017,1,MUMBAI,PARIS,47877,40087,1805.27,2550.85,Europe
161,2017,2,MUMBAI,PARIS,47147,37172,1950.45,2109.69,Europe
162,2017,3,MUMBAI,PARIS,49171,43274,1650.85,1858.06,Europe
163,2017,4,MUMBAI,PARIS,42826,51070,2447.45,2441.53,Europe
164,2017,1,MUMBAI,RIYADH,43862,31141,2568.17,703.64,Asia
165,2017,2,MUMBAI,RIYADH,32520,33588,1654.48,464.9,Asia
166,2017,3,MUMBAI,RIYADH,35069,34615,1025.03,30.18,Asia
167,2017,4,MUMBAI,RIYADH,37401,41695,1088.68,53.31,Asia
168,2017,1,MUMBAI,SANAA,0,0,0.0,0.0,Asia
169,2017,1,MUMBAI,SEOUL,10735,9120,309.04,384.51,Asia
170,2017,2,MUMBAI,SEOUL,5703,5253,157.01,155.7,Asia
171,2017,3,MUMBAI,SEOUL,7598,7919,229.14,218.71,Asia
172,2017,4,MUMBAI,SEOUL,6293,7454,252.18,232.04,Asia
173,2017,1,MUMBAI,SEYCHELLES,7842,7740,18.57,1.3,Africa
174,2017,2,MUMBAI,SEYCHELLES,9320,8931,29.04,1.97,Africa
175,2017,3,MUMBAI,SEYCHELLES,8003,7092,97.45,3.29,Africa
176,2017,4,MUMBAI,SEYCHELLES,7524,7963,148.18,1.6,Africa
177,2017,1,MUMBAI,SHANGHAI,2574,2741,103.22,377.75,Asia
178,2017,2,MUMBAI,SHANGHAI,3295,3426,136.21,669.75,Asia
179,2017,3,MUMBAI,SHANGHAI,2430,3006,155.48,509.38,Asia
180,2017,4,MUMBAI,SHANGHAI,2388,3101,105.88,398.05,Asia
181,2017,1,MUMBAI,SHARJAH,42005,30214,501.34,99.18,Asia
182,2017,2,MUMBAI,SHARJAH,35647,36113,587.65,257.35,Asia
183,2017,3,MUMBAI,SHARJAH,40318,33916,679.81,114.25,Asia
184,2017,4,MUMBAI,SHARJAH,40911,39738,576.74,90.04,Asia
185,2017,1,MUMBAI,SHENZHEN,0,0,0.0,0.0,Asia
186,2017,1,MUMBAI,SINGAPORE,107260,90726,5356.34,4396.82,Asia
187,2017,2,MUMBAI,SINGAPORE,113946,111361,5947.0,4454.9,Asia
188,2017,3,MUMBAI,SINGAPORE,88910,82045,5127.52,4560.18,Asia
189,2017,4,MUMBAI,SINGAPORE,106357,112021,5097.49,5390.03,Asia
190,2017,1,MUMBAI,TAIPAE,0,0,0.0,210.2,Asia
191,2017,2,MUMBAI,TAIPAE,0,0,0.0,252.33,Asia
192,2017,3,MUMBAI,TAIPAE,0,0,0.0,281.02,Asia
193,2017,4,MUMBAI,TAIPAE,0,0,0.0,300.94,Asia
194,2017,1,MUMBAI,TANGERANG,4386,4104,73.25,3.81,Asia
195,2017,2,MUMBAI,TANGERANG,4154,4087,73.01,2.32,Asia
196,2017,3,MUMBAI,TANGERANG,3363,3111,77.64,1.35,Asia
197,2017,4,MUMBAI,TANGERANG,4282,4465,92.04,7.36,Asia
198,2017,1,MUMBAI,TEHRAN,2794,3074,6.04,2.53,Asia
199,2017,2,MUMBAI,TEHRAN,2131,2227,11.88,2.23,Asia
200,2017,3,MUMBAI,TEHRAN,2159,1931,12.92,17.02,Asia
201,2017,4,MUMBAI,TEHRAN,2688,3028,29.1,4.89,Asia
202,2017,1,MUMBAI,TELAVIV,4391,3653,244.45,108.93,Asia
203,2017,2,MUMBAI,TELAVIV,5497,4762,167.76,291.23,Asia
204,2017,3,MUMBAI,TELAVIV,6086,6148,268.82,167.92,Asia
205,2017,4,MUMBAI,TELAVIV,7559,8309,407.27,310.73,Asia
206,2017,4,MUMBAI,TORONTO,6344,8917,372.74,202.25,North America
207,2017,1,MUMBAI,ZURICH,19560,13957,1412.75,1327.69,Europe
208,2017,2,MUMBAI,ZURICH,19988,16987,1691.26,1410.72,Europe
209,2017,3,MUMBAI,ZURICH,19003,16166,1573.97,1355.88,Europe
210,2017,4,MUMBAI,ZURICH,16483,18042,1643.24,1448.46,Europe
1,2018,1,MUMBAI,ABUDHABI,90302,79632,3172.86,2403.62,Asia
2,2018,2,MUMBAI,ABUDHABI,90846,89971,3771.62,2485.51,Asia
3,2018,3,MUMBAI,ABUDHABI,83245,72505,3108.14,2071.45,Asia
4,2018,4,MUMBAI,ABUDHABI,78902,88094,2408.89,1732.86,Asia
5,2018,1,MUMBAI,ADDIS ABABA,38004,30927,3229.49,556.14,Africa
6,2018,2,MUMBAI,ADDIS ABABA,43283,36311,4819.98,646.22,Africa
7,2018,3,MUMBAI,ADDIS ABABA,40171,37688,3950.85,702.27,Africa
8,2018,4,MUMBAI,ADDIS ABABA,40576,42379,4019.03,627.91,Africa
9,2018,1,MUMBAI,ADEN,2061,2021,8.74,0.12,Asia
10,2018,2,MUMBAI,ADEN,2044,1898,6.02,0.0,Asia
11,2018,3,MUMBAI,ADEN,2094,1936,8.15,0.0,Asia
12,2018,4,MUMBAI,ADEN,1903,2288,11.66,0.0,Asia
13,2018,1,MUMBAI,AMSTERDAM,39402,34193,3706.32,2429.88,Europe
14,2018,2,MUMBAI,AMSTERDAM,39496,33561,2535.58,2539.78,Europe
15,2018,3,MUMBAI,AMSTERDAM,40574,37515,2567.88,2485.18,Europe
16,2018,4,MUMBAI,AMSTERDAM,39237,42622,2799.22,2364.38,Europe
17,2018,1,MUMBAI,BAHRAIN,33472,29161,802.06,115.18,Asia
18,2018,2,MUMBAI,BAHRAIN,32058,35199,800.68,147.88,Asia
19,2018,3,MUMBAI,BAHRAIN,37334,34074,808.94,110.7,Asia
20,2018,4,MUMBAI,BAHRAIN,32471,35748,832.85,24.49,Asia
21,2018,1,MUMBAI,BANGKOK,102001,98468,2428.46,3418.58,Asia
22,2018,2,MUMBAI,BANGKOK,107316,110133,2854.52,3653.63,Asia
23,2018,3,MUMBAI,BANGKOK,98390,98694,2518.93,4162.34,Asia
24,2018,4,MUMBAI,BANGKOK,97507,105118,2115.81,3626.55,Asia
25,2018,1,MUMBAI,BRUSELLS,17237,12373,898.65,825.42,Europe
26,2018,2,MUMBAI,BRUSELLS,13828,10682,840.36,612.92,Europe
27,2018,3,MUMBAI,BRUSELLS,14021,12370,710.78,505.51,Europe
28,2018,4,MUMBAI,BRUSELLS,10017,16216,719.85,463.27,Europe
29,2018,1,MUMBAI,CAIRO,6617,5264,339.81,179.33,Africa
30,2018,2,MUMBAI,CAIRO,8587,6420,0.0,0.0,Africa
31,2018,3,MUMBAI,CAIRO,6366,5303,90.19,16.61,Africa
32,2018,4,MUMBAI,CAIRO,10210,9689,470.94,195.26,Africa
33,2018,1,MUMBAI,COLOGNE,0,0,1223.82,0.0,Europe
34,2018,2,MUMBAI,COLOGNE,0,0,1260.32,0.0,Europe
35,2018,3,MUMBAI,COLOGNE,0,0,1320.44,0.0,Europe
36,2018,4,MUMBAI,COLOGNE,0,0,1282.91,0.0,Europe
37,2018,1,MUMBAI,COLOMBO,49736,49708,715.32,591.9,Asia
38,2018,2,MUMBAI,COLOMBO,40754,41319,620.65,577.22,Asia
39,2018,3,MUMBAI,COLOMBO,45360,44800,611.29,430.82,Asia
40,2018,4,MUMBAI,COLOMBO,43370,40039,709.71,502.29,Asia
41,2018,1,MUMBAI,DAMMAM,16494,18078,1258.98,720.94,Asia
42,2018,2,MUMBAI,DAMMAM,14508,19682,1247.76,676.62,Asia
43,2018,3,MUMBAI,DAMMAM,18917,18174,1174.23,491.94,Asia
44,2018,4,MUMBAI,DAMMAM,13771,14214,219.37,31.8,Asia
45,2018,1,MUMBAI,DENPASAR,9424,9675,17.77,0.0,Asia
46,2018,2,MUMBAI,DENPASAR,4626,4480,259.71,115.57,Asia
47,2018,3,MUMBAI,DENPASAR,6555,6880,403.03,287.16,Asia
48,2018,4,MUMBAI,DENPASAR,5220,6525,524.72,378.01,Asia
49,2018,1,MUMBAI,DHAKA,13977,12887,73.7,116.5,Asia
50,2018,2,MUMBAI,DHAKA,10771,11250,140.51,110.27,Asia
51,2018,3,MUMBAI,DHAKA,13324,13197,83.72,126.8,Asia
52,2018,4,MUMBAI,DHAKA,12448,14808,156.64,78.3,Asia
53,2018,1,MUMBAI,DOHA,74270,61016,7156.79,6113.61,Asia
54,2018,2,MUMBAI,DOHA,68197,63381,7756.83,5665.02,Asia
55,2018,3,MUMBAI,DOHA,69128,63161,7124.98,5084.36,Asia
56,2018,4,MUMBAI,DOHA,60866,68482,6501.44,5062.17,Asia
57,2018,1,MUMBAI,DON MUEANG,5263,5215,0.0,0.0,Asia
58,2018,2,MUMBAI,DON MUEANG,6491,7094,0.0,0.0,Asia
59,2018,3,MUMBAI,DON MUEANG,5731,5534,0.0,0.0,Asia
60,2018,4,MUMBAI,DON MUEANG,7535,7944,0.0,67.49,Asia
61,2018,1,MUMBAI,DUBAI,329635,307003,11929.37,4676.57,Asia
62,2018,2,MUMBAI,DUBAI,303285,297412,14435.01,5265.99,Asia
63,2018,3,MUMBAI,DUBAI,317763,289767,11881.84,7222.25,Asia
64,2018,4,MUMBAI,DUBAI,311817,334269,13153.83,5800.61,Asia
65,2018,1,MUMBAI,FRANKFURT,29410,23368,2400.65,3916.85,Europe
66,2018,2,MUMBAI,FRANKFURT,31076,26109,3269.09,4552.61,Europe
67,2018,3,MUMBAI,FRANKFURT,31973,30066,3803.48,4719.48,Europe
68,2018,4,MUMBAI,FRANKFURT,25852,36403,3822.17,4869.94,Europe
69,2018,1,MUMBAI,GUANGZHOU,0,0,224.19,858.44,Asia
70,2018,2,MUMBAI,GUANGZHOU,0,0,227.43,1155.65,Asia
71,2018,3,MUMBAI,GUANGZHOU,0,0,329.25,1116.53,Asia
72,2018,4,MUMBAI,GUANGZHOU,0,0,255.41,1398.81,Asia
73,2018,1,MUMBAI,HONG KONG,58815,51337,5284.18,5421.44,Asia
74,2018,2,MUMBAI,HONG KONG,61328,59355,5596.85,5556.86,Asia
75,2018,3,MUMBAI,HONG KONG,54100,51340,3600.21,5950.03,Asia
76,2018,4,MUMBAI,HONG KONG,60077,62523,4024.97,5573.85,Asia
77,2018,1,MUMBAI,ISTANBUL,32655,28955,2334.16,2457.58,Europe
78,2018,2,MUMBAI,ISTANBUL,31837,29540,2944.48,2455.09,Europe
79,2018,3,MUMBAI,ISTANBUL,30074,29468,3125.07,2882.25,Europe
80,2018,4,MUMBAI,ISTANBUL,29085,34072,3443.63,3040.67,Europe
81,2018,1,MUMBAI,JEDDAH,59629,51497,2393.56,596.17,Asia
82,2018,2,MUMBAI,JEDDAH,46274,50257,1694.46,398.44,Asia
83,2018,3,MUMBAI,JEDDAH,41985,35384,2072.94,223.46,Asia
84,2018,4,MUMBAI,JEDDAH,56856,58013,2219.58,350.3,Asia
85,2018,1,MUMBAI,KATHMANDU,25154,20421,20.66,93.93,Asia
86,2018,2,MUMBAI,KATHMANDU,11938,13370,13.71,25.46,Asia
87,2018,3,MUMBAI,KATHMANDU,11470,11619,14.63,19.59,Asia
88,2018,4,MUMBAI,KATHMANDU,12971,13184,7.33,20.54,Asia
89,2018,1,MUMBAI,KIGALI,3890,2578,0.0,0.0,Africa
90,2018,2,MUMBAI,KIGALI,4228,3061,0.0,0.0,Africa
91,2018,3,MUMBAI,KIGALI,4199,3547,0.0,0.0,Africa
92,2018,4,MUMBAI,KIGALI,2825,3606,0.0,0.0,Africa
93,2018,1,MUMBAI,KUALALUMPUR,46314,42519,896.38,1085.2,Asia
94,2018,2,MUMBAI,KUALALUMPUR,38714,38561,918.67,861.34,Asia
95,2018,3,MUMBAI,KUALALUMPUR,31910,31273,903.22,1058.33,Asia
96,2018,4,MUMBAI,KUALALUMPUR,34074,35681,846.01,1207.38,Asia
97,2018,1,MUMBAI,KUWAIT,50846,46543,1982.95,544.13,Asia
98,2018,2,MUMBAI,KUWAIT,47560,46341,1820.54,416.3,Asia
99,2018,3,MUMBAI,KUWAIT,47298,41695,775.79,108.08,Asia
100,2018,4,MUMBAI,KUWAIT,43757,48153,1379.06,158.29,Asia
101,2018,1,MUMBAI,LONDON,147344,135383,8491.64,6162.71,Europe
102,2018,2,MUMBAI,LONDON,143032,121219,9612.89,6162.01,Europe
103,2018,3,MUMBAI,LONDON,140657,136070,9048.31,6144.49,Europe
104,2018,4,MUMBAI,LONDON,119926,154931,10223.51,5874.48,Europe
105,2018,1,MUMBAI,LUXEMBOURG,0,0,535.03,0.0,Europe
106,2018,4,MUMBAI,MALE,7619,7454,10.91,0.65,Asia
107,2018,1,MUMBAI,MALPENSA,0,0,0.0,528.37,Europe
108,2018,2,MUMBAI,MALPENSA,0,0,0.0,489.81,Europe
109,2018,3,MUMBAI,MALPENSA,0,0,0.0,313.07,Europe
110,2018,4,MUMBAI,MALPENSA,0,0,762.88,372.52,Europe
111,2018,4,MUMBAI,MANCHESTER,5650,9441,408.02,233.43,Europe
112,2018,1,MUMBAI,MARUITIUS,15000,13461,558.25,22.17,Africa
113,2018,2,MUMBAI,MARUITIUS,19881,20296,921.15,19.25,Africa
114,2018,3,MUMBAI,MARUITIUS,13341,13353,589.54,55.15,Africa
115,2018,4,MUMBAI,MARUITIUS,14542,15027,792.74,53.33,Africa
116,2018,1,MUMBAI,MEDINA,4163,9163,0.0,3.41,Asia
117,2018,2,MUMBAI,MEDINA,4260,8505,0.12,3.79,Asia
118,2018,3,MUMBAI,MEDINA,4911,4554,170.33,2.44,Asia
119,2018,4,MUMBAI,MEDINA,5254,7632,6.1,0.0,Asia
120,2018,1,MUMBAI,MOSCOW,0,0,0.0,0.0,Europe
121,2018,1,MUMBAI,MUENCHEN,22153,19189,1349.15,1559.1,Europe
122,2018,2,MUMBAI,MUENCHEN,21984,17450,1172.98,1313.41,Europe
123,2018,3,MUMBAI,MUENCHEN,20880,19888,1072.59,1046.33,Europe
124,2018,4,MUMBAI,MUENCHEN,14310,20446,1089.79,1009.61,Europe
125,2018,1,MUMBAI,MUSCAT,68426,59372,896.57,22.75,Asia
126,2018,2,MUMBAI,MUSCAT,68379,74769,1120.0,106.12,Asia
127,2018,3,MUMBAI,MUSCAT,79290,65805,1338.69,52.59,Asia
128,2018,4,MUMBAI,MUSCAT,76195,80360,1403.45,32.02,Asia
129,2018,1,MUMBAI,NAIROBI,26407,24465,375.59,25.02,Africa
130,2018,2,MUMBAI,NAIROBI,27987,26230,384.42,15.38,Africa
131,2018,3,MUMBAI,NAIROBI,25085,24703,128.79,17.73,Africa
132,2018,4,MUMBAI,NAIROBI,21876,24711,177.53,23.15,Africa
133,2018,1,MUMBAI,NARITA,10953,10529,0.0,0.0,Asia
134,2018,2,MUMBAI,NARITA,10494,11433,0.0,0.0,Asia
135,2018,3,MUMBAI,NARITA,10603,11362,0.0,0.0,Asia
136,2018,4,MUMBAI,NARITA,10857,11475,0.0,0.0,Asia
137,2018,1,MUMBAI,NEW YORK,2278,1121,193.72,277.65,North America
138,2018,2,MUMBAI,NEW YORK,2044,1458,165.44,288.67,North America
139,2018,3,MUMBAI,NEW YORK,1963,1026,67.14,282.66,North America
140,2018,4,MUMBAI,NEW YORK,3228,5004,80.23,296.2,North America
141,2018,1,MUMBAI,NEWARK,44411,42400,349.29,696.36,North America
142,2018,2,MUMBAI,NEWARK,45894,41133,311.95,613.06,North America
143,2018,3,MUMBAI,NEWARK,46701,43211,657.58,368.16,North America
144,2018,4,MUMBAI,NEWARK,39422,51936,952.79,531.87,North America
145,2018,1,MUMBAI,OSAKA,222,249,10.3,7.83,Asia
146,2018,2,MUMBAI,OSAKA,660,618,8.05,18.21,Asia
147,2018,3,MUMBAI,OSAKA,131,161,2.96,18.71,Asia
148,2018,4,MUMBAI,OSAKA,241,295,14.2,18.57,Asia
149,2018,1,MUMBAI,PARIS,51007,39006,2686.81,2481.35,Europe
150,2018,2,MUMBAI,PARIS,49395,35864,2841.25,4602.25,Europe
151,2018,3,MUMBAI,PARIS,52372,42565,2573.17,2216.35,Europe
152,2018,4,MUMBAI,PARIS,43514,48949,3338.17,2449.88,Europe
153,2018,4,MUMBAI,PHUKET,6720,4751,0.94,0.64,Asia
154,2018,1,MUMBAI,RIYADH,42387,35917,1172.22,137.45,Asia
155,2018,2,MUMBAI,RIYADH,35703,42274,1336.16,118.73,Asia
156,2018,3,MUMBAI,RIYADH,40884,36947,1034.43,87.34,Asia
157,2018,4,MUMBAI,RIYADH,32086,31865,1275.1,72.86,Asia
158,2018,1,MUMBAI,SEOUL,7102,6181,168.84,528.64,Asia
159,2018,2,MUMBAI,SEOUL,7088,6327,249.43,280.27,Asia
160,2018,3,MUMBAI,SEOUL,6283,6790,293.66,186.7,Asia
161,2018,4,MUMBAI,SEOUL,6281,7322,264.38,186.32,Asia
162,2018,1,MUMBAI,SEYCHELLES,4979,4733,29.1,18.02,Africa
163,2018,2,MUMBAI,SEYCHELLES,7143,6417,59.88,26.94,Africa
164,2018,3,MUMBAI,SEYCHELLES,6453,5311,69.91,1.13,Africa
165,2018,4,MUMBAI,SEYCHELLES,5546,5995,86.5,1.04,Africa
166,2018,1,MUMBAI,SHANGHAI,2396,2726,67.5,337.74,Asia
167,2018,2,MUMBAI,SHANGHAI,2749,3297,87.9,336.96,Asia
168,2018,3,MUMBAI,SHANGHAI,1893,2756,182.16,451.68,Asia
169,2018,4,MUMBAI,SHANGHAI,2338,3256,184.54,447.24,Asia
170,2018,1,MUMBAI,SHARJAH,41730,35302,596.1,150.79,Asia
171,2018,2,MUMBAI,SHARJAH,38908,37812,628.65,119.58,Asia
172,2018,3,MUMBAI,SHARJAH,41379,34845,690.07,80.6,Asia
173,2018,4,MUMBAI,SHARJAH,41408,39039,731.32,55.45,Asia
174,2018,1,MUMBAI,SINGAPORE,123529,105537,5051.25,5290.4,Asia
175,2018,2,MUMBAI,SINGAPORE,127934,120691,5495.6,5520.07,Asia
176,2018,3,MUMBAI,SINGAPORE,108127,99768,5832.81,6089.46,Asia
177,2018,4,MUMBAI,SINGAPORE,108215,112002,3864.59,3853.95,Asia
178,2018,1,MUMBAI,TAIPAE,0,0,0.0,351.25,Asia
179,2018,2,MUMBAI,TAIPAE,0,0,0.0,30.82,Asia
180,2018,3,MUMBAI,TAIPAE,0,0,0.0,35.65,Asia
181,2018,4,MUMBAI,TAIPAE,0,0,0.0,47.47,Asia
182,2018,1,MUMBAI,TANGERANG,3908,4106,65.77,15.24,Asia
183,2018,4,MUMBAI,TASHKENT,992,1144,57.23,0.0,Asia
184,2018,1,MUMBAI,TEHRAN,3489,4026,32.58,2.21,Asia
185,2018,2,MUMBAI,TEHRAN,2899,2941,51.04,10.04,Asia
186,2018,3,MUMBAI,TEHRAN,2584,2997,30.99,37.32,Asia
187,2018,4,MUMBAI,TEHRAN,4002,4699,77.51,63.93,Asia
188,2018,1,MUMBAI,TELAVIV,9608,8803,392.61,282.13,Asia
189,2018,2,MUMBAI,TELAVIV,6082,5175,297.92,221.73,Asia
190,2018,3,MUMBAI,TELAVIV,6962,6927,441.42,285.92,Asia
191,2018,4,MUMBAI,TELAVIV,6974,7297,503.87,211.5,Asia
192,2018,1,MUMBAI,TORONTO,13860,12265,296.04,384.43,North America
193,2018,2,MUMBAI,TORONTO,8929,6514,90.79,233.43,North America
194,2018,3,MUMBAI,TORONTO,0,0,0.0,0.0,North America
195,2018,4,MUMBAI,TORONTO,8394,11361,485.46,227.75,North America
196,2018,1,MUMBAI,ZURICH,19053,13867,1474.62,1391.74,Europe
197,2018,2,MUMBAI,ZURICH,20203,15654,1690.7,1433.78,Europe
198,2018,3,MUMBAI,ZURICH,19919,16893,1612.67,1390.96,Europe
199,2018,4,MUMBAI,ZURICH,16065,18659,1558.93,1228.64,Europe
1,2019,1,MUMBAI,ABUDHABI,87514,71050,2220.18,1302.09,Asia
2,2019,2,MUMBAI,ABUDHABI,90621,92740,3253.73,1473.12,Asia
3,2019,3,MUMBAI,ABUDHABI,110801,94694,2097.91,1271.57,Asia
4,2019,4,MUMBAI,ABUDHABI,93732,109960,2731.15,1051.73,Asia
5,2019,1,MUMBAI,ADDIS ABABA,49633,37424,4085.18,547.62,Africa
6,2019,2,MUMBAI,ADDIS ABABA,16356,17652,1176.55,236.04,Africa
7,2019,1,MUMBAI,ADEN,2663,2808,8.38,0.0,Asia
8,2019,2,MUMBAI,ADEN,3076,2499,9.23,0.0,Asia
9,2019,3,MUMBAI,ADEN,3084,2948,9.8,0.0,Asia
10,2019,4,MUMBAI,ADEN,3231,3523,24.76,0.0,Asia
11,2019,1,MUMBAI,AMSTERDAM,44322,37251,2590.41,2218.17,Europe
12,2019,2,MUMBAI,AMSTERDAM,14843,12981,815.78,685.17,Europe
13,2019,3,MUMBAI,AMSTERDAM,11641,11129,773.21,545.87,Europe
14,2019,4,MUMBAI,AMSTERDAM,22208,23045,1543.11,1031.44,Europe
15,2019,1,MUMBAI,BAHRAIN,34627,29672,671.06,22.91,Asia
16,2019,2,MUMBAI,BAHRAIN,29222,29180,592.63,44.14,Asia
17,2019,3,MUMBAI,BAHRAIN,26805,21939,400.73,15.0,Asia
18,2019,4,MUMBAI,BAHRAIN,27426,28581,630.52,7.09,Asia
19,2019,1,MUMBAI,BANGKOK,95163,93352,2208.54,3306.76,Asia
20,2019,2,MUMBAI,BANGKOK,85475,84249,2102.01,3670.43,Asia
21,2019,3,MUMBAI,BANGKOK,84250,84523,3054.72,2691.35,Asia
22,2019,4,MUMBAI,BANGKOK,103357,101290,1907.08,1882.76,Asia
23,2019,3,MUMBAI,BIRMINGHAM,100,119,0.0,0.0,Europe
24,2019,1,MUMBAI,BRUSELLS,1430,669,0.0,0.0,Europe
25,2019,1,MUMBAI,CAIRO,7940,7351,35.09,6.81,Africa
26,2019,2,MUMBAI,CAIRO,6909,7848,44.55,83.91,Africa
27,2019,3,MUMBAI,CAIRO,7078,5957,17.36,1.83,Africa
28,2019,4,MUMBAI,CAIRO,9950,10892,0.0,0.0,Africa
29,2019,3,MUMBAI,CHITTAGONG,5168,4882,43.78,2.75,Asia
30,2019,1,MUMBAI,COLOGNE,0,0,1311.41,0.0,Europe
31,2019,2,MUMBAI,COLOGNE,0,0,1406.29,0.0,Europe
32,2019,3,MUMBAI,COLOGNE,0,0,437.9,0.0,Europe
33,2019,1,MUMBAI,COLOMBO,47008,42957,717.25,480.1,Asia
34,2019,2,MUMBAI,COLOMBO,27345,24946,439.15,155.83,Asia
35,2019,3,MUMBAI,COLOMBO,23775,22127,406.72,86.83,Asia
36,2019,4,MUMBAI,COLOMBO,31603,30205,415.6,86.42,Asia
37,2019,1,MUMBAI,DAMMAM,16532,14506,209.55,19.75,Asia
38,2019,1,MUMBAI,DENPASAR,2904,2090,191.19,147.91,Asia
39,2019,1,MUMBAI,DHAKA,13605,13144,43.44,22.07,Asia
40,2019,3,MUMBAI,DHAKA,14767,15983,227.8,40.09,Asia
41,2019,4,MUMBAI,DHAKA,10328,15117,331.24,86.13,Asia
42,2019,1,MUMBAI,DOHA,75029,63628,6021.12,5264.0,Asia
43,2019,2,MUMBAI,DOHA,52494,53514,7935.66,6465.63,Asia
44,2019,3,MUMBAI,DOHA,65689,62381,5898.66,5115.64,Asia
45,2019,4,MUMBAI,DOHA,61809,63608,6689.76,5497.64,Asia
46,2019,1,MUMBAI,DON MUEANG,7378,7137,29.85,83.3,Asia
47,2019,2,MUMBAI,DON MUEANG,11055,11823,88.71,74.92,Asia
48,2019,3,MUMBAI,DON MUEANG,2941,6415,46.02,57.48,Asia
49,2019,4,MUMBAI,DON MUEANG,10118,10234,133.93,110.36,Asia
50,2019,1,MUMBAI,DUBAI,329924,299160,12003.82,5917.38,Asia
51,2019,2,MUMBAI,DUBAI,249146,253810,11749.66,5488.14,Asia
52,2019,3,MUMBAI,DUBAI,291464,259768,11156.12,5136.34,Asia
53,2019,4,MUMBAI,DUBAI,308801,330008,12619.17,4438.71,Asia
54,2019,1,MUMBAI,FRANKFURT,41996,32643,4404.29,4923.71,Europe
55,2019,2,MUMBAI,FRANKFURT,42956,38798,6314.03,6102.81,Europe
56,2019,3,MUMBAI,FRANKFURT,40883,39247,3901.26,4741.0,Europe
57,2019,4,MUMBAI,FRANKFURT,29383,40675,4456.02,5494.35,Europe
58,2019,1,MUMBAI,GUANGZHOU,0,0,230.31,1583.83,Asia
59,2019,2,MUMBAI,GUANGZHOU,458,543,176.83,289.58,Asia
60,2019,3,MUMBAI,GUANGZHOU,2556,3234,200.65,0.0,Asia
61,2019,4,MUMBAI,GUANGZHOU,3236,3399,308.53,0.0,Asia
62,2019,1,MUMBAI,HONG KONG,62783,50191,5604.62,5122.94,Asia
63,2019,2,MUMBAI,HONG KONG,50088,46719,5389.15,4038.91,Asia
64,2019,3,MUMBAI,HONG KONG,42833,37475,2904.13,2506.85,Asia
65,2019,4,MUMBAI,HONG KONG,41263,43368,9050.07,4302.28,Asia
66,2019,1,MUMBAI,ISTANBUL,32552,28250,3657.27,3065.78,Europe
67,2019,2,MUMBAI,ISTANBUL,33226,31295,4080.62,2923.93,Europe
68,2019,3,MUMBAI,ISTANBUL,30156,29147,3870.55,3538.65,Europe
69,2019,1,MUMBAI,JEDDAH,51472,46654,1981.95,144.2,Asia
70,2019,2,MUMBAI,JEDDAH,39572,42814,1469.39,159.71,Asia
71,2019,3,MUMBAI,JEDDAH,57360,39151,1325.57,126.9,Asia
72,2019,4,MUMBAI,JEDDAH,68138,61450,5651.67,87.63,Asia
73,2019,1,MUMBAI,KATHMANDU,13788,13399,17.03,10.09,Asia
74,2019,1,MUMBAI,KIGALI,3808,2836,0.0,0.0,Africa
75,2019,2,MUMBAI,KIGALI,5738,4122,0.0,0.0,Africa
76,2019,3,MUMBAI,KIGALI,3115,2661,0.0,0.0,Africa
77,2019,4,MUMBAI,KIGALI,3424,3682,0.0,0.0,Africa
78,2019,1,MUMBAI,KUALALUMPUR,35395,33669,912.12,968.01,Asia
79,2019,2,MUMBAI,KUALALUMPUR,42120,40843,1461.8,952.12,Asia
80,2019,3,MUMBAI,KUALALUMPUR,40873,40178,1610.43,858.67,Asia
81,2019,4,MUMBAI,KUALALUMPUR,31104,32029,1454.86,1291.59,Asia
82,2019,1,MUMBAI,KUWAIT,41418,39710,1271.35,79.2,Asia
83,2019,2,MUMBAI,KUWAIT,23252,23530,1138.88,100.37,Asia
84,2019,3,MUMBAI,KUWAIT,26824,20374,1472.6,89.5,Asia
85,2019,4,MUMBAI,KUWAIT,36945,42779,872.57,16.49,Asia
86,2019,1,MUMBAI,LONDON,151244,128421,9535.7,4476.3,Europe
87,2019,2,MUMBAI,LONDON,71816,64059,5267.83,2923.79,Europe
88,2019,3,MUMBAI,LONDON,64442,62279,11260.02,2345.26,Europe
89,2019,4,MUMBAI,LONDON,56058,71269,4329.35,2514.53,Europe
90,2019,1,MUMBAI,MALE,9270,10503,22.61,0.0,Asia
91,2019,2,MUMBAI,MALE,13152,13217,25.41,0.0,Asia
92,2019,3,MUMBAI,MALE,7104,7099,21.15,0.0,Asia
93,2019,4,MUMBAI,MALE,14832,15620,67.44,0.0,Asia
94,2019,1,MUMBAI,MALPENSA,0,0,1340.2,247.36,Europe
95,2019,2,MUMBAI,MALPENSA,0,0,1112.09,297.16,Europe
96,2019,3,MUMBAI,MALPENSA,0,0,787.23,86.01,Europe
97,2019,4,MUMBAI,MALPENSA,0,0,1560.33,419.74,Europe
98,2019,1,MUMBAI,MANCHESTER,13403,10984,453.45,280.77,Europe
99,2019,1,MUMBAI,MARUITIUS,15213,12998,585.84,13.41,Africa
100,2019,2,MUMBAI,MARUITIUS,16976,13820,739.67,21.76,Africa
101,2019,3,MUMBAI,MARUITIUS,12285,11758,831.82,15.2,Africa
102,2019,4,MUMBAI,MARUITIUS,14431,15648,715.69,29.16,Africa
103,2019,1,MUMBAI,MEDINA,3252,6014,0.0,0.01,Asia
104,2019,2,MUMBAI,MEDINA,2745,4659,3.3,0.49,Asia
105,2019,3,MUMBAI,MEDINA,1264,3580,0.0,1.81,Asia
106,2019,4,MUMBAI,MEDINA,2446,5345,5.94,0.0,Asia
107,2019,1,MUMBAI,MUENCHEN,20811,17015,1010.76,1022.7,Europe
108,2019,2,MUMBAI,MUENCHEN,25711,21474,1302.93,1037.15,Europe
109,2019,3,MUMBAI,MUENCHEN,24578,22110,1133.94,1132.7,Europe
110,2019,4,MUMBAI,MUENCHEN,17551,24300,1210.28,994.18,Europe
111,2019,1,MUMBAI,MUSCAT,72792,61446,1048.82,309.47,Asia
112,2019,2,MUMBAI,MUSCAT,62536,66130,1652.42,38.84,Asia
113,2019,3,MUMBAI,MUSCAT,61913,48113,1163.26,11.79,Asia
114,2019,4,MUMBAI,MUSCAT,69383,76864,1869.21,20.9,Asia
115,2019,1,MUMBAI,NAIROBI,24472,21477,25.25,20.63,Africa
116,2019,2,MUMBAI,NAIROBI,26181,23537,141.64,41.09,Africa
117,2019,3,MUMBAI,NAIROBI,16320,16522,17.27,45.72,Africa
118,2019,4,MUMBAI,NAIROBI,25086,25838,154.65,29.25,Africa
119,2019,2,MUMBAI,NAJF,314,252,0.0,0.0,Asia
120,2019,1,MUMBAI,NARITA,11057,9041,0.0,0.0,Asia
121,2019,2,MUMBAI,NARITA,12493,11162,0.0,0.0,Asia
122,2019,3,MUMBAI,NARITA,10201,10091,0.0,0.0,Asia
123,2019,4,MUMBAI,NARITA,7098,6974,1081.26,1066.88,Asia
124,2019,1,MUMBAI,NEW YORK,9101,4918,173.6,305.37,North America
125,2019,2,MUMBAI,NEW YORK,2948,933,0.56,73.87,North America
126,2019,3,MUMBAI,NEW YORK,3142,1446,11.26,226.15,North America
127,2019,4,MUMBAI,NEW YORK,1205,1796,76.78,280.55,North America
128,2019,1,MUMBAI,NEWARK,50606,43251,623.95,333.28,North America
129,2019,2,MUMBAI,NEWARK,49081,43685,666.69,472.02,North America
130,2019,3,MUMBAI,NEWARK,30820,31850,324.2,161.64,North America
131,2019,4,MUMBAI,NEWARK,42134,53399,672.91,258.86,North America
132,2019,1,MUMBAI,OSAKA,221,304,21.45,32.06,Asia
133,2019,2,MUMBAI,OSAKA,357,586,10.32,20.1,Asia
134,2019,3,MUMBAI,OSAKA,101,167,6.35,18.7,Asia
135,2019,1,MUMBAI,PARIS,47953,38385,3013.55,2197.12,Europe
136,2019,2,MUMBAI,PARIS,27090,22797,1992.9,962.97,Europe
137,2019,3,MUMBAI,PARIS,31379,29403,1857.93,815.06,Europe
138,2019,4,MUMBAI,PARIS,23796,24910,1917.65,1085.91,Europe
139,2019,1,MUMBAI,PHUKET,10750,8308,0.0,0.0,Asia
140,2019,2,MUMBAI,PHUKET,15313,13537,0.0,0.0,Asia
141,2019,3,MUMBAI,PHUKET,12391,10451,0.0,0.0,Asia
142,2019,4,MUMBAI,PHUKET,13106,11520,0.0,0.0,Asia
143,2019,4,MUMBAI,RASALKHAMA,0,0,36.16,0.0,Asia
144,2019,1,MUMBAI,RIYADH,35060,26530,1378.85,71.84,Asia
145,2019,2,MUMBAI,RIYADH,25241,23730,688.95,13.08,Asia
146,2019,3,MUMBAI,RIYADH,33421,22969,710.47,32.9,Asia
147,2019,4,MUMBAI,RIYADH,46098,35486,1003.29,34.32,Asia
148,2019,1,MUMBAI,SEOUL,7257,5775,242.81,232.6,Asia
149,2019,2,MUMBAI,SEOUL,8351,7360,246.62,167.0,Asia
150,2019,3,MUMBAI,SEOUL,7389,7699,195.83,150.31,Asia
151,2019,4,MUMBAI,SEOUL,5876,7652,213.79,175.18,Asia
152,2019,1,MUMBAI,SEYCHELLES,7304,6629,61.78,0.13,Africa
153,2019,2,MUMBAI,SEYCHELLES,8582,6823,41.24,0.36,Africa
154,2019,4,MUMBAI,SEYCHELLES,5248,5776,37.32,0.33,Africa
155,2019,1,MUMBAI,SHANGHAI,2377,2767,192.22,422.47,Asia
156,2019,2,MUMBAI,SHANGHAI,3720,4007,307.47,620.64,Asia
157,2019,3,MUMBAI,SHANGHAI,2753,3420,315.38,293.33,Asia
158,2019,4,MUMBAI,SHANGHAI,2739,3545,359.93,217.2,Asia
159,2019,1,MUMBAI,SHARJAH,45468,36986,629.28,70.32,Asia
160,2019,2,MUMBAI,SHARJAH,51680,43589,667.75,94.15,Asia
161,2019,3,MUMBAI,SHARJAH,42563,35595,633.62,45.4,Asia
162,2019,4,MUMBAI,SHARJAH,41772,39378,1763.67,98.55,Asia
163,2019,1,MUMBAI,SINGAPORE,110385,93440,2961.75,3271.43,Asia
164,2019,2,MUMBAI,SINGAPORE,85907,82385,3146.11,3131.11,Asia
165,2019,3,MUMBAI,SINGAPORE,83053,78293,3113.65,3258.74,Asia
166,2019,4,MUMBAI,SINGAPORE,103215,107139,2659.51,2640.7,Asia
167,2019,1,MUMBAI,TAIPAE,0,0,0.0,27.35,Asia
168,2019,2,MUMBAI,TAIPAE,0,0,0.0,24.61,Asia
169,2019,3,MUMBAI,TAIPAE,0,0,57.39,19.09,Asia
170,2019,4,MUMBAI,TAIPAE,0,0,64.75,292.17,Asia
171,2019,1,MUMBAI,TASHKENT,1430,1044,77.77,1.07,Asia
172,2019,2,MUMBAI,TASHKENT,3496,3676,85.81,0.2,Asia
173,2019,3,MUMBAI,TASHKENT,2600,1285,39.73,3.12,Asia
174,2019,4,MUMBAI,TASHKENT,1339,1643,55.97,1.11,Asia
175,2019,1,MUMBAI,TEHRAN,3791,4529,130.09,28.94,Asia
176,2019,2,MUMBAI,TEHRAN,3963,4329,142.19,8.91,Asia
177,2019,3,MUMBAI,TEHRAN,2247,2632,66.76,5.85,Asia
178,2019,4,MUMBAI,TEHRAN,3601,3652,48.81,10.31,Asia
179,2019,1,MUMBAI,TELAVIV,10000,7513,517.95,272.35,Asia
180,2019,2,MUMBAI,TELAVIV,6324,5110,455.75,268.98,Asia
181,2019,3,MUMBAI,TELAVIV,6042,5855,421.47,235.49,Asia
182,2019,4,MUMBAI,TELAVIV,6605,6763,370.42,260.51,Asia
183,2019,1,MUMBAI,TORONTO,14103,11228,308.41,264.22,North America
184,2019,2,MUMBAI,VIENNA,1,0,0.0,0.0,Europe
185,2019,1,MUMBAI,ZURICH,19096,13866,1451.89,1221.99,Europe
186,2019,2,MUMBAI,ZURICH,20705,17504,1575.41,1300.61,Europe
187,2019,3,MUMBAI,ZURICH,13197,11828,1034.77,754.02,Europe
188,2019,4,MUMBAI,ZURICH,16758,19520,1579.64,1019.06,Europe
1,2020,1,MUMBAI,ABUDHABI,94941,72292,2533.0,1379.59,Asia
2,2020,2,MUMBAI,ABUDHABI,9,1143,1821.1,464.16,Asia
3,2020,3,MUMBAI,ABUDHABI,1576,3010,1457.83,829.39,Asia
4,2020,4,MUMBAI,ABUDHABI,3147,6044,1081.61,557.9,Asia
5,2020,1,MUMBAI,ADEN,3177,2919,22.12,0.0,Asia
6,2020,3,MUMBAI,ADEN,1072,51,1.29,0.0,Asia
7,2020,4,MUMBAI,ADEN,447,104,0.0,0.0,Asia
8,2020,1,MUMBAI,AMSTERDAM,12458,11541,722.64,254.22,Europe
9,2020,2,MUMBAI,AMSTERDAM,225,129,7.87,0.0,Europe
10,2020,3,MUMBAI,AMSTERDAM,4544,264,0.97,1.03,Europe
11,2020,4,MUMBAI,AMSTERDAM,3414,2310,480.98,407.01,Europe
12,2020,2,MUMBAI,AUCKLAND,195,0,3.24,1.98,Oceania
13,2020,3,MUMBAI,AUCKLAND,106,0,4.83,0.0,Oceania
14,2020,2,MUMBAI,Atyrau,0,157,0.0,0.0,Asia
15,2020,1,MUMBAI,BAHRAIN,22396,17431,464.53,4.43,Asia
16,2020,2,MUMBAI,BAHRAIN,170,176,221.07,1.23,Asia
17,2020,3,MUMBAI,BAHRAIN,272,464,9.22,0.0,Asia
18,2020,4,MUMBAI,BAHRAIN,2691,2642,83.69,1.18,Asia
19,2020,1,MUMBAI,BANGKOK,61586,60907,1432.01,1216.28,Asia
20,2020,2,MUMBAI,BANGKOK,0,72,121.76,28.99,Asia
21,2020,3,MUMBAI,BANGKOK,39,98,203.41,169.74,Asia
22,2020,4,MUMBAI,BANGKOK,0,0,287.93,596.45,Asia
23,2020,2,MUMBAI,BISHKEK,0,346,0.0,0.0,Asia
24,2020,3,MUMBAI,BISHKEK,0,330,0.44,0.0,Asia
25,2020,1,MUMBAI,CAIRO,6768,4647,0.0,0.0,Africa
26,2020,2,MUMBAI,CAIRO,25,86,0.0,0.0,Africa
27,2020,2,MUMBAI,CHICAGO,0,334,0.0,0.0,North America
28,2020,4,MUMBAI,COLOGNE,0,0,68.61,0.0,Europe
29,2020,1,MUMBAI,COLOMBO,30741,30203,370.66,103.55,Asia
30,2020,2,MUMBAI,COLOMBO,1025,688,52.12,66.1,Asia
31,2020,3,MUMBAI,COLOMBO,24,465,307.63,317.77,Asia
32,2020,4,MUMBAI,COLOMBO,355,72,420.57,620.77,Asia
33,2020,1,MUMBAI,DAMMAM,1133,810,8.76,0.0,Asia
34,2020,2,MUMBAI,DAMMAM,0,178,1.38,0.0,Asia
35,2020,3,MUMBAI,DAMMAM,413,2019,31.88,0.41,Asia
36,2020,4,MUMBAI,DAMMAM,0,805,11.26,0.23,Asia
37,2020,1,MUMBAI,DHAKA,10730,12217,148.06,62.24,Asia
38,2020,2,MUMBAI,DHAKA,0,107,108.98,110.23,Asia
39,2020,3,MUMBAI,DHAKA,0,0,159.11,89.06,Asia
40,2020,4,MUMBAI,DHAKA,0,0,86.39,0.12,Asia
41,2020,1,MUMBAI,DOHA,56861,44019,6764.55,6013.14,Asia
42,2020,2,MUMBAI,DOHA,2469,4742,5633.57,2476.99,Asia
43,2020,3,MUMBAI,DOHA,9815,14132,5845.35,5167.43,Asia
44,2020,4,MUMBAI,DOHA,9917,10597,5901.97,6822.65,Asia
45,2020,1,MUMBAI,DON MUEANG,5128,5029,81.56,56.4,Asia
46,2020,1,MUMBAI,DUBAI,241902,227557,9354.28,3185.63,Asia
47,2020,2,MUMBAI,DUBAI,1,169,2074.04,635.72,Asia
48,2020,3,MUMBAI,DUBAI,32981,29908,4602.94,1791.97,Asia
49,2020,4,MUMBAI,DUBAI,93358,78764,7651.11,3815.78,Asia
50,2020,1,MUMBAI,FRANKFURT,33269,25985,3798.53,4924.74,Europe
51,2020,2,MUMBAI,FRANKFURT,3531,774,1121.74,2040.31,Europe
52,2020,3,MUMBAI,FRANKFURT,8397,3852,2460.54,3419.2,Europe
53,2020,4,MUMBAI,FRANKFURT,2980,5446,3160.38,4659.74,Europe
54,2020,3,MUMBAI,GLASGOW,117,0,0.0,0.0,Europe
55,2020,1,MUMBAI,GUANGZHOU,531,949,234.65,0.0,Asia
56,2020,2,MUMBAI,GUANGZHOU,0,0,236.18,15.89,Asia
57,2020,3,MUMBAI,GUANGZHOU,18,0,373.98,0.0,Asia
58,2020,4,MUMBAI,GUANGZHOU,0,0,562.94,0.0,Asia
59,2020,2,MUMBAI,HO CHI MINH CITY,0,64,0.0,0.0,Asia
60,2020,3,MUMBAI,HO CHI MINH CITY,0,36,0.0,0.0,Asia
61,2020,1,MUMBAI,HONG KONG,22309,17961,2973.05,2444.18,Asia
62,2020,2,MUMBAI,HONG KONG,304,84,1700.53,1261.89,Asia
63,2020,3,MUMBAI,HONG KONG,0,0,2887.64,2577.47,Asia
64,2020,4,MUMBAI,HONG KONG,374,45,2712.45,3312.92,Asia
65,2020,2,MUMBAI,IKEJA,0,280,0.0,0.0,Africa
66,2020,1,MUMBAI,ISTANBUL,26119,20573,4596.48,3721.07,Europe
67,2020,2,MUMBAI,ISTANBUL,146,0,3299.19,3512.61,Europe
68,2020,3,MUMBAI,ISTANBUL,0,0,3250.91,4347.56,Europe
69,2020,4,MUMBAI,ISTANBUL,0,0,3388.53,4268.21,Europe
70,2020,1,MUMBAI,JEDDAH,49175,45544,1933.02,101.58,Asia
71,2020,2,MUMBAI,JEDDAH,0,634,74.29,0.0,Asia
72,2020,3,MUMBAI,JEDDAH,390,71,65.91,0.0,Asia
73,2020,4,MUMBAI,JEDDAH,1,2515,102.5,0.0,Asia
74,2020,3,MUMBAI,JOHANNESBERG,9,107,1.81,0.0,Africa
75,2020,4,MUMBAI,KABUL,0,0,0.0,31.24,Asia
76,2020,2,MUMBAI,KATHMANDU,0,0,4.15,0.0,Asia
77,2020,3,MUMBAI,KATHMANDU,0,0,6.17,0.0,Asia
78,2020,4,MUMBAI,KHARTOUM,0,0,104.86,0.0,Africa
79,2020,2,MUMBAI,KIEV,0,143,0.0,0.0,Europe
80,2020,1,MUMBAI,KIGALI,2568,2377,0.0,0.0,Africa
81,2020,3,MUMBAI,KIGALI,79,103,0.0,0.0,Africa
82,2020,4,MUMBAI,KIGALI,1145,964,0.0,0.0,Africa
83,2020,1,MUMBAI,KUALALUMPUR,27948,23574,1203.98,855.88,Asia
84,2020,2,MUMBAI,KUALALUMPUR,387,502,521.96,428.91,Asia
85,2020,3,MUMBAI,KUALALUMPUR,0,246,1060.24,1032.37,Asia
86,2020,4,MUMBAI,KUALALUMPUR,52,98,1243.8,1221.89,Asia
87,2020,4,MUMBAI,KUTAISI,172,0,0.0,0.0,Asia
88,2020,1,MUMBAI,KUWAIT,36009,29537,1192.49,58.69,Asia
89,2020,2,MUMBAI,KUWAIT,0,2868,435.12,0.0,Asia
90,2020,3,MUMBAI,KUWAIT,0,1639,105.04,0.0,Asia
91,2020,4,MUMBAI,KUWAIT,0,1047,7.14,5.4,Asia
92,2020,2,MUMBAI,LAPU-LAPU,0,39,0.0,0.0,Asia
93,2020,3,MUMBAI,LAPU-LAPU,0,79,0.0,0.0,Asia
94,2020,2,MUMBAI,LIEGE,0,0,246.85,0.0,Europe
95,2020,3,MUMBAI,LIEGE,6,0,133.86,0.0,Europe
96,2020,1,MUMBAI,LONDON,85987,68604,4508.0,2838.95,Europe
97,2020,2,MUMBAI,LONDON,4644,3658,286.64,207.25,Europe
98,2020,3,MUMBAI,LONDON,13538,8201,1568.71,835.48,Europe
99,2020,4,MUMBAI,LONDON,13789,16256,1867.13,1185.23,Europe
100,2020,1,MUMBAI,MALE,10964,13281,106.76,0.0,Asia
101,2020,2,MUMBAI,MALE,0,171,0.0,0.0,Asia
102,2020,4,MUMBAI,MALE,12105,10689,9.56,0.08,Asia
103,2020,1,MUMBAI,MALPENSA,0,0,1147.47,100.52,Europe
104,2020,2,MUMBAI,MALPENSA,0,0,279.06,143.67,Europe
105,2020,3,MUMBAI,MALPENSA,19,0,760.13,551.47,Europe
106,2020,4,MUMBAI,MALPENSA,0,0,1352.16,0.0,Europe
107,2020,2,MUMBAI,MANILA,92,255,0.0,0.0,Asia
108,2020,3,MUMBAI,MANILA,43,92,0.0,0.0,Asia
109,2020,1,MUMBAI,MARUITIUS,12221,11100,497.77,26.71,Africa
110,2020,3,MUMBAI,MATTALA,164,111,0.0,0.0,Asia
111,2020,4,MUMBAI,MATTALA,61,37,0.0,0.0,Asia
112,2020,1,MUMBAI,MEDINA,1927,5417,0.0,2.19,Asia
113,2020,2,MUMBAI,MELBOURNE,0,127,0.0,0.08,Oceania
114,2020,3,MUMBAI,MELBOURNE,0,55,0.0,0.0,Oceania
115,2020,2,MUMBAI,MOSCOW,0,3,0.0,0.0,Europe
116,2020,1,MUMBAI,MUENCHEN,17700,15606,874.1,858.55,Europe
117,2020,1,MUMBAI,MUSCAT,60800,52977,1732.93,12.14,Asia
118,2020,2,MUMBAI,MUSCAT,92,377,93.59,0.0,Asia
119,2020,3,MUMBAI,MUSCAT,1754,3200,91.45,1.55,Asia
120,2020,4,MUMBAI,MUSCAT,6449,8575,253.89,36.56,Asia
121,2020,1,MUMBAI,NAIROBI,20941,21149,134.97,26.98,Africa
122,2020,2,MUMBAI,NAIROBI,757,207,14.69,0.0,Africa
123,2020,3,MUMBAI,NAIROBI,728,316,3.36,0.99,Africa
124,2020,4,MUMBAI,NAIROBI,4958,4184,18.54,0.12,Africa
125,2020,2,MUMBAI,NARITA,104,265,10.86,7.51,Asia
126,2020,3,MUMBAI,NARITA,182,163,4.82,8.6,Asia
127,2020,1,MUMBAI,NEW YORK,1305,795,106.5,169.0,North America
128,2020,1,MUMBAI,NEWARK,46559,41072,338.82,318.65,North America
129,2020,2,MUMBAI,NEWARK,2149,1854,524.51,176.4,North America
130,2020,3,MUMBAI,NEWARK,11626,9288,842.6,289.98,North America
131,2020,4,MUMBAI,NEWARK,12831,17293,1050.33,398.25,North America
132,2020,1,MUMBAI,PARIS,21554,16847,695.65,57.01,Europe
133,2020,2,MUMBAI,PARIS,115,235,552.88,112.8,Europe
134,2020,3,MUMBAI,PARIS,5215,4244,845.46,79.27,Europe
135,2020,4,MUMBAI,PARIS,4439,6759,1653.74,747.77,Europe
136,2020,2,MUMBAI,PHNOM PENH,0,0,35.78,0.0,Asia
137,2020,1,MUMBAI,PHUKET,7298,6862,0.0,0.0,Asia
138,2020,2,MUMBAI,PORT LOUIS,48,187,0.0,0.0,Africa
139,2020,2,MUMBAI,RANGOON,5,67,288.22,0.0,Asia
140,2020,3,MUMBAI,RANGOON,0,0,12.7,0.05,Asia
141,2020,4,MUMBAI,RANGOON,0,0,29.11,0.0,Asia
142,2020,2,MUMBAI,RAS AL-KHAIMAH,0,0,169.28,0.0,Asia
143,2020,3,MUMBAI,RAS AL-KHAIMAH,0,0,904.93,0.0,Asia
144,2020,4,MUMBAI,RAS AL-KHAIMAH,0,0,961.79,0.0,Asia
145,2020,1,MUMBAI,RIYADH,43798,24659,1004.81,14.27,Asia
146,2020,2,MUMBAI,RIYADH,32,166,97.04,0.0,Asia
147,2020,3,MUMBAI,RIYADH,0,1752,67.25,0.0,Asia
148,2020,4,MUMBAI,RIYADH,3,1383,50.9,0.0,Asia
149,2020,2,MUMBAI,ROME,219,152,0.0,0.0,Europe
150,2020,2,MUMBAI,SAN FRANCISCO,0,224,0.0,0.55,North America
151,2020,1,MUMBAI,SEOUL,4936,3685,147.78,116.52,Asia
152,2020,4,MUMBAI,SEOUL,0,0,0.0,0.17,Asia
153,2020,1,MUMBAI,SEYCHELLES,3315,2481,14.77,0.73,Africa
154,2020,2,MUMBAI,SEYCHELLES,0,193,42.26,1.14,Africa
155,2020,3,MUMBAI,SEYCHELLES,217,52,46.7,0.0,Africa
156,2020,4,MUMBAI,SEYCHELLES,42,2,10.05,0.0,Africa
157,2020,1,MUMBAI,SHANGHAI,729,1274,66.53,104.59,Asia
158,2020,2,MUMBAI,SHANGHAI,10,0,2.24,1032.96,Asia
159,2020,3,MUMBAI,SHANGHAI,0,0,0.0,30.57,Asia
160,2020,4,MUMBAI,SHANGHAI,0,0,0.0,136.39,Asia
161,2020,1,MUMBAI,SHARJAH,35641,30335,612.97,33.43,Asia
162,2020,2,MUMBAI,SHARJAH,23,599,632.89,0.46,Asia
163,2020,3,MUMBAI,SHARJAH,2342,5363,1513.59,1.13,Asia
164,2020,4,MUMBAI,SHARJAH,8320,7546,155.68,1.36,Asia
165,2020,1,MUMBAI,SINGAPORE,74537,60354,2247.44,1915.37,Asia
166,2020,2,MUMBAI,SINGAPORE,309,632,50.41,81.71,Asia
167,2020,3,MUMBAI,SINGAPORE,751,1178,31.81,34.68,Asia
168,2020,4,MUMBAI,SINGAPORE,489,774,25.31,33.4,Asia
169,2020,1,MUMBAI,STANSTED,2509,1998,61.08,0.0,Europe
170,2020,2,MUMBAI,STOCKHOLM,111,82,0.0,0.0,Europe
171,2020,3,MUMBAI,STOCKHOLM,100,0,0.0,0.0,Europe
172,2020,2,MUMBAI,SYDNEY,0,65,0.0,0.0,Oceania
173,2020,3,MUMBAI,SYDNEY,0,127,0.0,0.0,Oceania
174,2020,1,MUMBAI,TAIPAE,0,0,123.13,504.22,Asia
175,2020,2,MUMBAI,TANGERANG,121,0,0.0,0.0,Asia
176,2020,1,MUMBAI,TASHKENT,892,450,37.65,0.0,Asia
177,2020,2,MUMBAI,TASHKENT,0,0,25.76,0.0,Asia
178,2020,3,MUMBAI,TASHKENT,0,0,16.54,0.0,Asia
179,2020,4,MUMBAI,TASHKENT,0,0,12.51,0.0,Asia
180,2020,2,MUMBAI,TBILISI,17,49,0.16,0.0,Asia
181,2020,3,MUMBAI,TBILISI,174,0,0.0,0.0,Asia
182,2020,1,MUMBAI,TEHRAN,2474,2947,78.01,9.23,Asia
183,2020,2,MUMBAI,TEHRAN,401,0,13.05,0.04,Asia
184,2020,3,MUMBAI,TEHRAN,543,89,112.78,27.19,Asia
185,2020,4,MUMBAI,TEHRAN,362,122,156.23,147.45,Asia
186,2020,1,MUMBAI,TELAVIV,2722,2459,108.23,99.31,Asia
187,2020,2,MUMBAI,TELAVIV,163,52,164.75,111.76,Asia
188,2020,3,MUMBAI,TELAVIV,0,0,18.99,6.52,Asia
189,2020,4,MUMBAI,TELAVIV,0,0,208.41,34.77,Asia
190,2020,2,MUMBAI,TORONTO,0,73,0.0,0.0,North America
191,2020,3,MUMBAI,TORONTO,0,63,0.0,0.0,North America
192,2020,4,MUMBAI,Turkmenabat,0,0,2.77,0.0,Asia
193,2020,2,MUMBAI,Vancouver,0,147,0.0,0.0,North America
194,2020,3,MUMBAI,"WASHINGTON, DC",0,76,0.0,0.0,North America
195,2020,1,MUMBAI,ZURICH,14040,10135,1150.6,742.06,Europe
196,2020,2,MUMBAI,ZURICH,0,0,528.03,367.52,Europe
197,2020,3,MUMBAI,ZURICH,0,0,1061.28,545.89,Europe
198,2020,4,MUMBAI,ZURICH,0,0,1170.16,798.19,Europe
1,2021,1,MUMBAI,ABUDHABI,5761,8796,1764.66,1065.14,Asia
2,2021,2,MUMBAI,ABUDHABI,1715,5563,1222.84,604.96,Asia
3,2021,3,MUMBAI,ABUDHABI,7764,9689,642.88,399.81,Asia
4,2021,4,MUMBAI,ABUDHABI,25339,25865,1071.39,602.95,Asia
5,2021,3,MUMBAI,ADDIS ABABA,2774,2453,0.0,0.0,Africa
6,2021,1,MUMBAI,ADEN,622,738,5.66,0.0,Asia
7,2021,2,MUMBAI,ADEN,546,386,4.32,0.0,Asia
8,2021,3,MUMBAI,ADEN,879,367,5.07,0.0,Asia
9,2021,4,MUMBAI,ADEN,1255,1617,14.66,0.27,Asia
10,2021,3,MUMBAI,AMMAN,219,0,0.0,0.0,Asia
11,2021,1,MUMBAI,AMSTERDAM,8470,3762,1179.67,905.74,Europe
12,2021,2,MUMBAI,AMSTERDAM,8099,2196,1360.44,1151.35,Europe
13,2021,3,MUMBAI,AMSTERDAM,12351,5975,1073.72,978.74,Europe
14,2021,4,MUMBAI,AMSTERDAM,13334,13152,885.4,719.45,Europe
15,2021,1,MUMBAI,BAHRAIN,2540,1313,83.37,2.7,Asia
16,2021,2,MUMBAI,BAHRAIN,3410,757,96.28,4.39,Asia
17,2021,3,MUMBAI,BAHRAIN,4920,1847,93.87,3.31,Asia
18,2021,4,MUMBAI,BAHRAIN,5877,3392,91.08,5.93,Asia
19,2021,1,MUMBAI,BANGKOK,0,0,1017.98,1462.32,Asia
20,2021,2,MUMBAI,BANGKOK,0,0,613.82,672.3,Asia
21,2021,3,MUMBAI,BANGKOK,0,0,531.73,824.97,Asia
22,2021,4,MUMBAI,BANGKOK,524,621,766.66,1087.85,Asia
23,2021,1,MUMBAI,BRUSELLS,0,0,78.93,0.0,Europe
24,2021,2,MUMBAI,BRUSELLS,0,0,390.32,100.84,Europe
25,2021,3,MUMBAI,BRUSELLS,0,0,141.16,33.19,Europe
26,2021,2,MUMBAI,CAIRO,44,0,1172.96,580.85,Africa
27,2021,3,MUMBAI,CAIRO,0,0,1283.84,368.7,Africa
28,2021,4,MUMBAI,CAIRO,0,0,456.31,337.21,Africa
29,2021,2,MUMBAI,CHICAGO,0,0,0.07,0.0,North America
30,2021,1,MUMBAI,COLOMBO,323,339,424.85,808.7,Asia
31,2021,2,MUMBAI,COLOMBO,280,178,488.99,846.55,Asia
32,2021,3,MUMBAI,COLOMBO,465,2183,493.74,706.75,Asia
33,2021,4,MUMBAI,COLOMBO,12799,11550,547.08,488.2,Asia
34,2021,1,MUMBAI,DAMMAM,0,1811,23.89,0.0,Asia
35,2021,2,MUMBAI,DAMMAM,0,515,7.44,0.0,Asia
36,2021,3,MUMBAI,DAMMAM,278,665,47.72,0.0,Asia
37,2021,4,MUMBAI,DAMMAM,4628,777,32.24,0.09,Asia
38,2021,1,MUMBAI,DHAKA,0,0,209.28,10.83,Asia
39,2021,2,MUMBAI,DHAKA,0,0,150.55,104.97,Asia
40,2021,3,MUMBAI,DHAKA,0,0,323.61,134.53,Asia
41,2021,4,MUMBAI,DHAKA,0,0,68.33,0.0,Asia
42,2021,1,MUMBAI,DOHA,18853,13031,6839.11,7932.74,Asia
43,2021,2,MUMBAI,DOHA,27183,13813,7600.05,6818.11,Asia
44,2021,3,MUMBAI,DOHA,68801,37068,5426.13,6986.03,Asia
45,2021,4,MUMBAI,DOHA,80755,74501,5706.14,5754.69,Asia
46,2021,1,MUMBAI,DUBAI,103158,61545,8490.82,4998.86,Asia
47,2021,2,MUMBAI,DUBAI,24681,30860,12557.48,4746.18,Asia
48,2021,3,MUMBAI,DUBAI,55943,49733,15314.3,4912.67,Asia
49,2021,4,MUMBAI,DUBAI,107412,99947,12520.59,5634.42,Asia
50,2021,3,MUMBAI,DUSSELDORF,0,0,0.0,147.42,Europe
51,2021,1,MUMBAI,FRANKFURT,7572,3049,2926.62,4223.72,Europe
52,2021,2,MUMBAI,FRANKFURT,6125,1482,1928.52,4704.9,Europe
53,2021,3,MUMBAI,FRANKFURT,15122,6531,1139.27,4409.76,Europe
54,2021,4,MUMBAI,FRANKFURT,10624,10916,1681.07,3979.03,Europe
55,2021,3,MUMBAI,GLASGOW,119,0,0.0,0.0,Europe
56,2021,1,MUMBAI,GUANGZHOU,0,0,392.12,0.0,Asia
57,2021,2,MUMBAI,GUANGZHOU,0,0,578.78,0.0,Asia
58,2021,3,MUMBAI,GUANGZHOU,0,0,387.79,0.0,Asia
59,2021,4,MUMBAI,GUANGZHOU,0,0,289.75,0.0,Asia
60,2021,1,MUMBAI,HANOI,0,0,1.11,0.0,Asia
61,2021,4,MUMBAI,HANOI,0,0,25.51,0.0,Asia
62,2021,1,MUMBAI,HONG KONG,381,0,2575.57,2940.39,Asia
63,2021,2,MUMBAI,HONG KONG,113,0,2847.69,3674.28,Asia
64,2021,3,MUMBAI,HONG KONG,0,0,2834.5,3868.47,Asia
65,2021,4,MUMBAI,HONG KONG,223,0,2802.0,3668.14,Asia
66,2021,2,MUMBAI,HOUSTON,328,0,0.0,0.0,North America
67,2021,1,MUMBAI,IKEJA,0,0,204.27,0.0,Africa
68,2021,2,MUMBAI,IKEJA,0,0,466.61,0.0,Africa
69,2021,3,MUMBAI,IKEJA,0,0,534.63,6.6,Africa
70,2021,1,MUMBAI,ISTANBUL,0,0,3974.62,4941.34,Europe
71,2021,2,MUMBAI,ISTANBUL,0,0,4023.66,5411.55,Europe
72,2021,3,MUMBAI,ISTANBUL,168,0,4037.82,3943.35,Europe
73,2021,4,MUMBAI,ISTANBUL,0,0,4047.15,4366.06,Europe
74,2021,1,MUMBAI,JEDDAH,386,9549,97.45,10.0,Asia
75,2021,2,MUMBAI,JEDDAH,1074,489,42.33,0.0,Asia
76,2021,3,MUMBAI,JEDDAH,2473,1129,45.78,0.06,Asia
77,2021,4,MUMBAI,JEDDAH,7584,947,17.73,0.1,Asia
78,2021,1,MUMBAI,JOHANNESBERG,0,0,144.11,31.34,Africa
79,2021,2,MUMBAI,JOHANNESBERG,0,0,37.09,0.0,Africa
80,2021,3,MUMBAI,JOHANNESBERG,0,0,36.46,0.0,Africa
81,2021,4,MUMBAI,KATHMANDU,93,82,0.0,0.0,Asia
82,2021,1,MUMBAI,KHARTOUM,0,0,163.43,0.0,Africa
83,2021,1,MUMBAI,KIGALI,1061,807,0.0,0.0,Africa
84,2021,3,MUMBAI,KIGALI,442,289,0.0,0.0,Africa
85,2021,4,MUMBAI,KIGALI,5226,5071,0.0,0.0,Africa
86,2021,1,MUMBAI,KUALALUMPUR,26,292,1033.61,1351.54,Asia
87,2021,2,MUMBAI,KUALALUMPUR,0,0,1242.09,1867.82,Asia
88,2021,3,MUMBAI,KUALALUMPUR,0,0,1420.63,1779.53,Asia
89,2021,4,MUMBAI,KUALALUMPUR,0,0,1352.87,2261.14,Asia
90,2021,1,MUMBAI,KUWAIT,349,1042,464.34,2.8,Asia
91,2021,2,MUMBAI,KUWAIT,297,1909,936.45,4.28,Asia
92,2021,3,MUMBAI,KUWAIT,2516,5165,898.57,2.63,Asia
93,2021,4,MUMBAI,KUWAIT,24446,25074,1281.84,8.92,Asia
94,2021,4,MUMBAI,Kaunas,0,0,37.4,0.0,Europe
95,2021,1,MUMBAI,LONDON,25328,21056,2276.04,1884.07,Europe
96,2021,2,MUMBAI,LONDON,21172,7594,2946.07,2380.41,Europe
97,2021,3,MUMBAI,LONDON,33270,17181,3607.75,2641.85,Europe
98,2021,4,MUMBAI,LONDON,30480,28798,2570.03,1616.22,Europe
99,2021,1,MUMBAI,LUXEMBOURG,0,0,303.11,180.65,Europe
100,2021,2,MUMBAI,LUXEMBOURG,0,0,226.82,86.72,Europe
101,2021,4,MUMBAI,LUXEMBOURG,0,0,77.95,16.23,Europe
102,2021,1,MUMBAI,MALE,26883,23892,89.29,0.07,Asia
103,2021,2,MUMBAI,MALE,4196,3661,28.38,0.0,Asia
104,2021,3,MUMBAI,MALE,38498,18077,56.65,1.34,Asia
105,2021,4,MUMBAI,MALE,31774,29184,98.78,0.2,Asia
106,2021,1,MUMBAI,MALPENSA,0,0,708.09,0.0,Europe
107,2021,2,MUMBAI,MALPENSA,0,0,297.67,0.0,Europe
108,2021,4,MUMBAI,MALPENSA,0,0,700.27,0.0,Europe
109,2021,1,MUMBAI,MATTALA,115,33,0.0,0.0,Asia
110,2021,2,MUMBAI,MIAMI,512,0,0.0,0.0,North America
111,2021,3,MUMBAI,MIAMI,295,0,0.0,0.0,North America
112,2021,1,MUMBAI,MOSCOW,0,0,34.4,0.0,Europe
113,2021,1,MUMBAI,MUSCAT,15003,9683,581.48,169.24,Asia
114,2021,2,MUMBAI,MUSCAT,5140,6304,991.76,203.46,Asia
115,2021,3,MUMBAI,MUSCAT,8073,7216,1062.3,447.62,Asia
116,2021,4,MUMBAI,MUSCAT,25438,20586,1656.42,892.0,Asia
117,2021,1,MUMBAI,NAIROBI,6257,5231,28.23,0.78,Africa
118,2021,2,MUMBAI,NAIROBI,2500,1324,58.78,0.37,Africa
119,2021,3,MUMBAI,NAIROBI,1988,1465,26.27,1.76,Africa
120,2021,4,MUMBAI,NAIROBI,6574,6451,65.04,0.06,Africa
121,2021,1,MUMBAI,NEWARK,18173,21018,737.35,244.27,North America
122,2021,2,MUMBAI,NEWARK,18995,12465,1181.77,820.95,North America
123,2021,3,MUMBAI,NEWARK,22839,18758,587.15,172.54,North America
124,2021,4,MUMBAI,NEWARK,26357,30179,567.08,294.28,North America
125,2021,2,MUMBAI,Nanjing,0,0,0.0,47.02,Asia
126,2021,3,MUMBAI,OSH,140,0,0.0,0.0,Asia
127,2021,4,MUMBAI,OSH,276,0,0.0,0.0,Asia
128,2021,3,MUMBAI,OSTEND,0,0,74.07,13.66,Europe
129,2021,1,MUMBAI,PARIS,7704,3808,1783.43,753.89,Europe
130,2021,2,MUMBAI,PARIS,6856,1470,1626.76,1045.72,Europe
131,2021,3,MUMBAI,PARIS,7938,3132,1549.26,586.18,Europe
132,2021,4,MUMBAI,PARIS,6917,6889,1689.41,610.7,Europe
133,2021,3,MUMBAI,PHUKET,0,0,0.0,0.41,Asia
134,2021,1,MUMBAI,PORT LOUIS,343,616,595.71,3.03,Africa
135,2021,2,MUMBAI,PORT LOUIS,548,493,618.3,7.47,Africa
136,2021,3,MUMBAI,PORT LOUIS,1220,400,869.03,4.24,Africa
137,2021,4,MUMBAI,PORT LOUIS,3468,3333,611.44,30.44,Africa
138,2021,1,MUMBAI,RANGOON,0,0,19.3,0.0,Asia
139,2021,2,MUMBAI,RANGOON,0,0,0.0,0.12,Asia
140,2021,4,MUMBAI,RANGOON,0,0,39.07,0.0,Asia
141,2021,1,MUMBAI,RAS AL-KHAIMAH,1915,0,1631.67,0.0,Asia
142,2021,2,MUMBAI,RAS AL-KHAIMAH,0,0,893.94,0.0,Asia
143,2021,3,MUMBAI,RAS AL-KHAIMAH,462,0,792.0,0.0,Asia
144,2021,4,MUMBAI,RAS AL-KHAIMAH,13127,6014,264.0,0.0,Asia
145,2021,1,MUMBAI,RIYADH,0,2831,40.87,0.25,Asia
146,2021,2,MUMBAI,RIYADH,2,1092,33.3,0.25,Asia
147,2021,3,MUMBAI,RIYADH,474,2104,37.32,0.75,Asia
148,2021,4,MUMBAI,RIYADH,3616,2036,27.97,0.88,Asia
149,2021,1,MUMBAI,SEOUL,0,0,0.18,0.0,Asia
150,2021,2,MUMBAI,SEOUL,138,0,0.0,0.0,Asia
151,2021,1,MUMBAI,SEYCHELLES,59,66,0.0,0.0,Africa
152,2021,2,MUMBAI,SEYCHELLES,348,148,0.52,0.06,Africa
153,2021,3,MUMBAI,SEYCHELLES,2239,505,0.0,0.0,Africa
154,2021,4,MUMBAI,SEYCHELLES,1916,1164,0.0,0.0,Africa
155,2021,1,MUMBAI,SHARJAH,21242,11212,382.48,13.63,Asia
156,2021,2,MUMBAI,SHARJAH,5882,4216,79.68,15.38,Asia
157,2021,3,MUMBAI,SHARJAH,20651,5982,286.81,19.14,Asia
158,2021,4,MUMBAI,SHARJAH,98142,75034,940.96,9.45,Asia
159,2021,1,MUMBAI,SINGAPORE,1125,1167,42.72,97.04,Asia
160,2021,2,MUMBAI,SINGAPORE,375,815,56.16,120.57,Asia
161,2021,3,MUMBAI,SINGAPORE,236,779,61.57,51.78,Asia
162,2021,4,MUMBAI,SINGAPORE,10472,7778,439.38,696.86,Asia
163,2021,2,MUMBAI,Seattle,178,0,0.0,0.0,North America
164,2021,1,MUMBAI,TAIPAE,0,0,424.81,700.46,Asia
165,2021,2,MUMBAI,TAIPAE,0,0,89.9,229.63,Asia
166,2021,2,MUMBAI,TASHKENT,0,0,82.24,0.0,Asia
167,2021,4,MUMBAI,TBILISI,179,2,0.0,0.0,Asia
168,2021,1,MUMBAI,TEHRAN,582,232,25.59,1.73,Asia
169,2021,2,MUMBAI,TEHRAN,186,82,50.62,78.7,Asia
170,2021,3,MUMBAI,TEHRAN,333,118,83.44,16.32,Asia
171,2021,4,MUMBAI,TEHRAN,646,400,17.14,1.33,Asia
172,2021,1,MUMBAI,TELAVIV,107,0,49.0,18.48,Asia
173,2021,2,MUMBAI,TELAVIV,0,0,0.0,11.82,Asia
174,2021,3,MUMBAI,TELAVIV,0,0,616.74,74.33,Asia
175,2021,4,MUMBAI,TELAVIV,0,0,337.33,115.38,Asia
176,2021,3,MUMBAI,WUHAN,0,0,0.0,37.46,Asia
177,2021,2,MUMBAI,YEREVAN,338,0,0.0,0.0,Asia
178,2021,3,MUMBAI,YEREVAN,1429,0,0.0,0.0,Asia
179,2021,1,MUMBAI,ZURICH,0,0,1173.32,864.52,Europe
180,2021,2,MUMBAI,ZURICH,0,0,1322.23,821.62,Europe
181,2021,3,MUMBAI,ZURICH,0,0,1318.09,843.99,Europe
182,2021,4,MUMBAI,ZURICH,0,0,1006.73,740.59,Europe
1,2022,1,MUMBAI,ABUDHABI,36000,32602,1125.05,634.92,Asia
2,2022,2,MUMBAI,ABUDHABI,50458,49174,1572.5,723.12,Asia
3,2022,3,MUMBAI,ABUDHABI,89529,80091,2712.25,1346.41,Asia
4,2022,4,MUMBAI,ABUDHABI,90225,98131,2028.36,940.33,Asia
5,2022,2,MUMBAI,ADDIS ABABA,23329,20592,3327.76,1174.81,Africa
6,2022,3,MUMBAI,ADDIS ABABA,27421,21926,2545.28,807.05,Africa
7,2022,4,MUMBAI,ADDIS ABABA,8399,7506,644.35,299.24,Africa
8,2022,1,MUMBAI,ADEN,2147,2405,19.91,0.0,Asia
9,2022,2,MUMBAI,ADEN,2142,2233,18.73,0.0,Asia
10,2022,3,MUMBAI,ADEN,2744,2842,24.36,0.14,Asia
11,2022,4,MUMBAI,ADEN,3277,3597,31.14,0.0,Asia
12,2022,4,MUMBAI,AMMAN,0,0,0.0,0.0,Asia
13,2022,1,MUMBAI,AMSTERDAM,19509,17347,910.78,694.66,Europe
14,2022,2,MUMBAI,AMSTERDAM,25113,23811,1066.36,1066.57,Europe
15,2022,3,MUMBAI,AMSTERDAM,31355,27309,1136.4,1257.77,Europe
16,2022,4,MUMBAI,AMSTERDAM,23083,23256,1090.45,1226.74,Europe
17,2022,1,MUMBAI,BAHRAIN,5881,2622,86.72,6.77,Asia
18,2022,2,MUMBAI,BAHRAIN,24265,13827,396.88,23.28,Asia
19,2022,3,MUMBAI,BAHRAIN,39804,18666,353.73,17.4,Asia
20,2022,4,MUMBAI,BAHRAIN,39146,37289,481.05,23.44,Asia
21,2022,1,MUMBAI,BANGKOK,3467,2746,918.84,864.48,Asia
22,2022,2,MUMBAI,BANGKOK,42680,39455,1304.15,1586.7,Asia
23,2022,3,MUMBAI,BANGKOK,61760,59047,1404.62,1848.14,Asia
24,2022,4,MUMBAI,BANGKOK,77935,73193,1371.92,1584.95,Asia
25,2022,1,MUMBAI,BUCHAREST,0,219,0.6,0.0,Europe
26,2022,1,MUMBAI,CAIRO,0,0,1127.46,826.38,Africa
27,2022,2,MUMBAI,CAIRO,4289,2514,1086.82,1014.72,Africa
28,2022,3,MUMBAI,CAIRO,7281,4728,426.7,337.16,Africa
29,2022,4,MUMBAI,CAIRO,11751,12228,387.96,274.65,Africa
30,2022,1,MUMBAI,COLOMBO,16221,10724,369.38,304.42,Asia
31,2022,2,MUMBAI,COLOMBO,13555,8060,412.66,322.34,Asia
32,2022,3,MUMBAI,COLOMBO,9736,6334,431.72,279.88,Asia
33,2022,4,MUMBAI,COLOMBO,13385,12598,413.43,274.06,Asia
34,2022,1,MUMBAI,DAMMAM,22145,5481,60.36,4.96,Asia
35,2022,2,MUMBAI,DAMMAM,14613,11567,84.58,10.72,Asia
36,2022,3,MUMBAI,DAMMAM,15264,10930,51.05,0.6,Asia
37,2022,4,MUMBAI,DAMMAM,18148,13928,79.27,0.76,Asia
38,2022,1,MUMBAI,DAR ES SALAM,5526,4064,252.83,47.1,Africa
39,2022,2,MUMBAI,DAR ES SALAM,4268,3229,122.97,141.12,Africa
40,2022,3,MUMBAI,DAR ES SALAM,7983,7144,282.86,2.86,Africa
41,2022,4,MUMBAI,DAR ES SALAM,7753,9257,242.72,19.04,Africa
42,2022,1,MUMBAI,DHAKA,0,0,70.47,0.0,Asia
43,2022,2,MUMBAI,DHAKA,1847,3521,38.69,2.76,Asia
44,2022,4,MUMBAI,DHAKA,6033,9021,14.66,12.31,Asia
45,2022,1,MUMBAI,DOHA,88144,67561,6506.94,6077.07,Asia
46,2022,2,MUMBAI,DOHA,56258,50994,5317.4,5488.44,Asia
47,2022,3,MUMBAI,DOHA,64168,48914,4451.91,4825.18,Asia
48,2022,4,MUMBAI,DOHA,68203,82930,5509.96,4874.57,Asia
49,2022,2,MUMBAI,DON MUEANG,732,732,0.37,0.0,Asia
50,2022,3,MUMBAI,DON MUEANG,10552,9464,4.27,7.13,Asia
51,2022,4,MUMBAI,DON MUEANG,10151,10288,9.44,22.03,Asia
52,2022,1,MUMBAI,DUBAI,124632,111377,9590.33,5612.63,Asia
53,2022,2,MUMBAI,DUBAI,268864,251082,10665.92,6946.19,Asia
54,2022,3,MUMBAI,DUBAI,295621,248866,12609.86,6798.44,Asia
55,2022,4,MUMBAI,DUBAI,293743,317735,11356.23,5923.28,Asia
56,2022,1,MUMBAI,FRANKFURT,13607,10831,3241.26,3452.42,Europe
57,2022,2,MUMBAI,FRANKFURT,27421,25086,4571.78,4624.81,Europe
58,2022,3,MUMBAI,FRANKFURT,27580,24840,4097.69,4912.41,Europe
59,2022,4,MUMBAI,FRANKFURT,19966,7997,2740.89,4966.43,Europe
60,2022,1,MUMBAI,GUANGZHOU,0,0,332.29,0.0,Asia
61,2022,2,MUMBAI,GUANGZHOU,0,0,378.12,0.0,Asia
62,2022,3,MUMBAI,GUANGZHOU,0,0,562.41,0.0,Asia
63,2022,4,MUMBAI,GUANGZHOU,0,0,241.54,0.0,Asia
64,2022,4,MUMBAI,HANOI,0,0,620.5,0.0,Asia
65,2022,1,MUMBAI,HONG KONG,0,0,2070.25,2473.85,Asia
66,2022,2,MUMBAI,HONG KONG,1264,1541,3217.1,4406.68,Asia
67,2022,3,MUMBAI,HONG KONG,5195,3249,2560.85,2797.49,Asia
68,2022,4,MUMBAI,HONG KONG,10216,10792,3483.81,4487.6,Asia
69,2022,1,MUMBAI,ISTANBUL,773,716,1577.33,3356.33,Europe
70,2022,2,MUMBAI,ISTANBUL,31416,27077,3980.85,4978.24,Europe
71,2022,3,MUMBAI,ISTANBUL,32237,28571,2911.74,4413.96,Europe
72,2022,4,MUMBAI,ISTANBUL,25785,32943,3417.63,3158.11,Europe
73,2022,1,MUMBAI,JEDDAH,16356,8075,513.59,86.08,Asia
74,2022,2,MUMBAI,JEDDAH,47280,36445,1057.97,221.2,Asia
75,2022,3,MUMBAI,JEDDAH,72706,50465,793.57,288.43,Asia
76,2022,4,MUMBAI,JEDDAH,83535,82474,761.21,288.78,Asia
77,2022,3,MUMBAI,KABUL,0,0,47.72,0.0,Asia
78,2022,4,MUMBAI,KABUL,0,0,36.27,0.0,Asia
79,2022,1,MUMBAI,KATHMANDU,397,442,0.0,0.0,Asia
80,2022,2,MUMBAI,KATHMANDU,10414,11318,13.23,0.51,Asia
81,2022,3,MUMBAI,KATHMANDU,4212,5492,18.09,0.85,Asia
82,2022,4,MUMBAI,KATHMANDU,16050,23626,23.34,5.66,Asia
83,2022,1,MUMBAI,KIGALI,4938,4745,0.0,0.0,Africa
84,2022,2,MUMBAI,KIGALI,2968,2085,0.0,0.0,Africa
85,2022,3,MUMBAI,KIGALI,2581,2029,0.0,0.0,Africa
86,2022,4,MUMBAI,KIGALI,2213,3091,0.0,0.0,Africa
87,2022,1,MUMBAI,KUALALUMPUR,176,320,1489.84,1607.58,Asia
88,2022,2,MUMBAI,KUALALUMPUR,8835,6855,781.03,699.25,Asia
89,2022,3,MUMBAI,KUALALUMPUR,17803,13377,889.52,657.77,Asia
90,2022,4,MUMBAI,KUALALUMPUR,32533,34974,1049.17,1078.21,Asia
91,2022,1,MUMBAI,KUWAIT,26784,16033,1237.2,21.7,Asia
92,2022,2,MUMBAI,KUWAIT,36963,37297,1312.85,16.8,Asia
93,2022,3,MUMBAI,KUWAIT,48354,35570,1146.28,12.22,Asia
94,2022,4,MUMBAI,KUWAIT,46357,45858,824.62,4.75,Asia
95,2022,1,MUMBAI,LONDON,38263,32127,2358.12,1828.38,Europe
96,2022,2,MUMBAI,LONDON,65483,59860,4636.53,2985.92,Europe
97,2022,3,MUMBAI,LONDON,89934,77424,5327.83,3837.55,Europe
98,2022,4,MUMBAI,LONDON,80274,100985,5808.63,3037.41,Europe
99,2022,1,MUMBAI,LUXEMBOURG,0,0,677.09,88.48,Europe
100,2022,1,MUMBAI,MALE,20418,18478,172.24,1.84,Asia
101,2022,2,MUMBAI,MALE,27811,26813,186.26,1.88,Asia
102,2022,3,MUMBAI,MALE,26176,22398,203.76,0.73,Asia
103,2022,4,MUMBAI,MALE,37767,34900,247.1,0.73,Asia
104,2022,1,MUMBAI,MALPENSA,0,0,671.66,0.0,Europe
105,2022,2,MUMBAI,MALPENSA,0,0,666.66,0.0,Europe
106,2022,3,MUMBAI,MALPENSA,0,0,938.27,0.0,Europe
107,2022,4,MUMBAI,MALPENSA,0,0,491.45,0.0,Europe
108,2022,2,MUMBAI,MEDINA,0,1101,0.0,0.0,Asia
109,2022,3,MUMBAI,MEDINA,0,1331,0.0,0.24,Asia
110,2022,2,MUMBAI,MUENCHEN,10739,9005,584.57,578.24,Europe
111,2022,3,MUMBAI,MUENCHEN,10522,9241,507.49,493.48,Europe
112,2022,4,MUMBAI,MUENCHEN,21582,24069,865.14,1163.94,Europe
113,2022,1,MUMBAI,MUSCAT,29448,15878,1442.85,694.12,Asia
114,2022,2,MUMBAI,MUSCAT,40834,34024,1490.33,609.37,Asia
115,2022,3,MUMBAI,MUSCAT,55931,37760,1310.31,356.44,Asia
116,2022,4,MUMBAI,MUSCAT,60342,56305,836.75,250.97,Asia
117,2022,1,MUMBAI,NAIROBI,6473,6381,123.91,46.12,Africa
118,2022,2,MUMBAI,NAIROBI,14012,11552,82.11,39.32,Africa
119,2022,3,MUMBAI,NAIROBI,17793,15398,112.36,10.23,Africa
120,2022,4,MUMBAI,NAIROBI,13557,15716,94.81,12.02,Africa
121,2022,1,MUMBAI,NEWARK,24558,24172,224.42,406.08,North America
122,2022,2,MUMBAI,NEWARK,9940,11916,191.59,193.96,North America
123,2022,3,MUMBAI,NEWARK,10731,12359,185.31,119.33,North America
124,2022,4,MUMBAI,NEWARK,9135,12014,165.18,168.67,North America
125,2022,1,MUMBAI,PARIS,7775,6095,1385.33,690.72,Europe
126,2022,2,MUMBAI,PARIS,20962,17811,1899.23,973.37,Europe
127,2022,3,MUMBAI,PARIS,19521,17099,1851.38,740.1,Europe
128,2022,4,MUMBAI,PARIS,24932,25495,1944.81,1057.63,Europe
129,2022,1,MUMBAI,PHUKET,570,641,0.0,0.0,Asia
130,2022,2,MUMBAI,PHUKET,27426,20200,0.0,0.0,Asia
131,2022,3,MUMBAI,PHUKET,19575,15952,6.62,6.56,Asia
132,2022,4,MUMBAI,PHUKET,29823,25663,0.79,7.32,Asia
133,2022,1,MUMBAI,PORT LOUIS,5743,4542,1044.36,47.82,Africa
134,2022,2,MUMBAI,PORT LOUIS,17369,15415,564.24,93.46,Africa
135,2022,3,MUMBAI,PORT LOUIS,16967,15177,876.48,140.89,Africa
136,2022,4,MUMBAI,PORT LOUIS,17535,19163,785.06,67.47,Africa
137,2022,1,MUMBAI,RANGOON,0,0,32.21,0.0,Asia
138,2022,1,MUMBAI,RAS AL-KHAIMAH,12021,4964,396.0,0.0,Asia
139,2022,3,MUMBAI,RAS AL-KHAIMAH,1570,366,0.0,0.0,Asia
140,2022,4,MUMBAI,RAS AL-KHAIMAH,13751,12640,4.04,0.0,Asia
141,2022,1,MUMBAI,RIYADH,26895,9731,444.39,99.09,Asia
142,2022,2,MUMBAI,RIYADH,39923,26724,432.71,114.42,Asia
143,2022,3,MUMBAI,RIYADH,44076,23182,301.47,77.66,Asia
144,2022,4,MUMBAI,RIYADH,38872,30329,373.03,40.39,Asia
145,2022,3,MUMBAI,SALALAH,0,0,1.69,0.0,Asia
146,2022,4,MUMBAI,SAN FRANCISCO,2133,1932,4.54,47.11,North America
147,2022,1,MUMBAI,SEYCHELLES,1607,841,0.0,0.0,Africa
148,2022,2,MUMBAI,SEYCHELLES,1118,594,12.56,1.65,Africa
149,2022,3,MUMBAI,SEYCHELLES,1369,973,20.1,0.22,Africa
150,2022,4,MUMBAI,SEYCHELLES,1915,1581,24.22,1.07,Africa
151,2022,1,MUMBAI,SHARJAH,99646,72628,1054.18,21.35,Asia
152,2022,2,MUMBAI,SHARJAH,35660,36667,504.56,10.66,Asia
153,2022,3,MUMBAI,SHARJAH,37993,32408,554.66,19.36,Asia
154,2022,4,MUMBAI,SHARJAH,33119,34259,470.43,15.28,Asia
155,2022,1,MUMBAI,SINGAPORE,23103,13053,1361.58,1984.03,Asia
156,2022,2,MUMBAI,SINGAPORE,82604,70046,2201.73,2644.62,Asia
157,2022,3,MUMBAI,SINGAPORE,97298,80436,1429.6,2261.59,Asia
158,2022,4,MUMBAI,SINGAPORE,91884,98765,2012.81,2460.18,Asia
159,2022,1,MUMBAI,TEHRAN,668,637,17.35,3.01,Asia
160,2022,2,MUMBAI,TEHRAN,1602,1262,22.45,0.47,Asia
161,2022,3,MUMBAI,TEHRAN,1084,896,10.01,4.68,Asia
162,2022,4,MUMBAI,TEHRAN,976,1275,25.76,16.58,Asia
163,2022,1,MUMBAI,TELAVIV,0,0,246.59,39.66,Asia
164,2022,1,MUMBAI,ZURICH,7334,6013,614.36,719.62,Europe
165,2022,2,MUMBAI,ZURICH,11496,9769,869.47,910.02,Europe
166,2022,3,MUMBAI,ZURICH,14593,13326,983.09,1025.29,Europe
167,2022,4,MUMBAI,ZURICH,16341,17759,1202.88,1217.34,Europe
1,2023,1,MUMBAI,ABUDHABI,105137,90705,2252.55,703.61,Asia
2,2023,2,MUMBAI,ABUDHABI,82145,77257,1830.47,785.6,Asia
3,2023,3,MUMBAI,ABUDHABI,60719,47118,199.63,2.37,Asia
4,2023,4,MUMBAI,ABUDHABI,51403,48492,169.13,3.02,Asia
5,2023,1,MUMBAI,ADDIS ABABA,37675,25470,2055.08,500.54,Africa
6,2023,2,MUMBAI,ADDIS ABABA,23314,16892,1831.39,222.74,Africa
7,2023,3,MUMBAI,ADDIS ABABA,33715,26739,1689.1,254.47,Africa
8,2023,4,MUMBAI,ADDIS ABABA,33687,37759,1786.29,729.07,Africa
9,2023,1,MUMBAI,ADEN,3361,3104,24.77,0.0,Asia
10,2023,2,MUMBAI,ADEN,2807,2735,28.84,0.14,Asia
11,2023,3,MUMBAI,ADEN,3486,3365,26.76,0.0,Asia
12,2023,4,MUMBAI,ADEN,2538,1906,34.17,0.0,Asia
13,2023,1,MUMBAI,AMSTERDAM,27624,23188,1110.42,948.67,Europe
14,2023,2,MUMBAI,AMSTERDAM,21313,17746,789.03,727.09,Europe
15,2023,3,MUMBAI,AMSTERDAM,21138,16470,836.57,869.9,Europe
16,2023,4,MUMBAI,AMSTERDAM,25267,25734,1337.68,996.8,Europe
17,2023,1,MUMBAI,BAHRAIN,42599,27491,461.71,17.69,Asia
18,2023,2,MUMBAI,BAHRAIN,35889,32041,525.92,15.28,Asia
19,2023,3,MUMBAI,BAHRAIN,41180,23547,415.94,26.09,Asia
20,2023,4,MUMBAI,BAHRAIN,38666,37557,521.46,12.93,Asia
21,2023,1,MUMBAI,BANGKOK,71124,63317,1718.7,1551.54,Asia
22,2023,2,MUMBAI,BANGKOK,74036,70925,1901.04,1539.19,Asia
23,2023,3,MUMBAI,BANGKOK,65862,62129,1555.18,1353.92,Asia
24,2023,4,MUMBAI,BANGKOK,81197,81479,1884.2,1658.33,Asia
25,2023,1,MUMBAI,CAIRO,12733,9076,526.53,336.52,Africa
26,2023,2,MUMBAI,CAIRO,8660,6211,786.61,229.14,Africa
27,2023,3,MUMBAI,CAIRO,9943,7042,1094.6,161.76,Africa
28,2023,4,MUMBAI,CAIRO,11490,10937,1068.84,366.67,Africa
29,2023,1,MUMBAI,COLOMBO,16141,14904,386.81,213.84,Asia
30,2023,2,MUMBAI,COLOMBO,18552,17346,411.15,256.15,Asia
31,2023,3,MUMBAI,COLOMBO,21538,20508,380.03,250.3,Asia
32,2023,4,MUMBAI,COLOMBO,24988,23804,561.59,299.71,Asia
33,2023,1,MUMBAI,DAMMAM,29094,15347,171.74,0.28,Asia
34,2023,2,MUMBAI,DAMMAM,27307,26587,95.84,4.54,Asia
35,2023,3,MUMBAI,DAMMAM,31031,20944,67.47,0.0,Asia
36,2023,4,MUMBAI,DAMMAM,34721,31290,88.04,0.0,Asia
37,2023,1,MUMBAI,DAR ES SALAM,9329,7503,284.16,149.19,Africa
38,2023,2,MUMBAI,DAR ES SALAM,8867,7793,231.99,25.08,Africa
39,2023,3,MUMBAI,DAR ES SALAM,10624,9371,358.86,0.35,Africa
40,2023,4,MUMBAI,DAR ES SALAM,5594,7058,60.68,1.94,Africa
41,2023,1,MUMBAI,DHAKA,11319,15844,72.31,21.18,Asia
42,2023,2,MUMBAI,DHAKA,16880,21444,77.47,45.92,Asia
43,2023,3,MUMBAI,DHAKA,20801,32765,27.31,117.67,Asia
44,2023,4,MUMBAI,DHAKA,22251,33075,24.91,148.74,Asia
45,2023,1,MUMBAI,DOHA,84461,72363,7530.24,5710.55,Asia
46,2023,2,MUMBAI,DOHA,74277,70472,7949.03,5422.9,Asia
47,2023,3,MUMBAI,DOHA,78239,71317,5954.69,5218.53,Asia
48,2023,4,MUMBAI,DOHA,74468,82257,5258.05,5293.58,Asia
49,2023,1,MUMBAI,DON MUEANG,7281,6872,29.43,92.23,Asia
50,2023,2,MUMBAI,"DON MUEANG, BANGKOK ",12589,10955,28.56,106.15,
51,2023,3,MUMBAI,"DON MUEANG, BANGKOK ",12410,11820,14.57,181.92,
52,2023,4,MUMBAI,"DON MUEANG, BANGKOK ",7904,7403,11.53,89.31,
53,2023,1,MUMBAI,DUBAI,338533,300442,11188.3,5270.71,Asia
54,2023,2,MUMBAI,DUBAI,300681,286445,12605.54,5382.42,Asia
55,2023,3,MUMBAI,DUBAI,325218,273485,9435.16,4761.76,Asia
56,2023,4,MUMBAI,DUBAI,307865,322375,11578.34,4041.87,Asia
57,2023,1,MUMBAI,FRANKFURT,22338,17149,2486.04,5136.13,Europe
58,2023,2,MUMBAI,FRANKFURT,21515,18475,2602.81,3473.71,Europe
59,2023,3,MUMBAI,FRANKFURT,20569,16923,2330.43,4092.88,Europe
60,2023,4,MUMBAI,FRANKFURT,27220,33950,3808.64,5158.01,Europe
61,2023,1,MUMBAI,GUANGZHOU,0,0,244.65,0.0,Asia
62,2023,2,MUMBAI,GUANGZHOU,0,0,252.03,0.0,Asia
63,2023,3,MUMBAI,GUANGZHOU,0,0,213.71,0.0,Asia
64,2023,4,MUMBAI,GUANGZHOU,0,0,326.83,0.0,Asia
65,2023,1,MUMBAI,HANOI,0,0,701.99,0.0,Asia
66,2023,2,MUMBAI,HANOI,11406,11404,1193.01,44.6,Asia
67,2023,3,MUMBAI,HANOI,6872,5434,372.21,36.17,Asia
68,2023,4,MUMBAI,HANOI,7203,7361,30.5,51.2,Asia
69,2023,2,MUMBAI,HO CHI MINH CITY,16291,18937,80.83,141.18,Asia
70,2023,3,MUMBAI,HO CHI MINH CITY,13218,12833,158.72,323.72,Asia
71,2023,4,MUMBAI,HO CHI MINH CITY,13347,14088,209.25,437.18,Asia
72,2023,1,MUMBAI,HONG KONG,20791,11444,3679.12,4979.9,Asia
73,2023,2,MUMBAI,HONG KONG,29980,27614,3255.05,5527.72,Asia
74,2023,3,MUMBAI,HONG KONG,26743,25368,3125.36,5160.72,Asia
75,2023,4,MUMBAI,HONG KONG,34589,34949,3771.61,4952.39,Asia
76,2023,1,MUMBAI,ISTANBUL,48101,42532,2235.7,2333.68,Europe
77,2023,2,MUMBAI,ISTANBUL,49913,45284,3119.72,3181.86,Europe
78,2023,3,MUMBAI,ISTANBUL,59598,61174,3397.4,3531.46,Europe
79,2023,4,MUMBAI,ISTANBUL,44853,71439,3441.99,3581.78,Europe
80,2023,1,MUMBAI,JEDDAH,92139,72296,1609.32,280.09,Asia
81,2023,2,MUMBAI,JEDDAH,63472,70396,1134.79,230.63,Asia
82,2023,3,MUMBAI,JEDDAH,78189,62645,1207.69,84.07,Asia
83,2023,4,MUMBAI,JEDDAH,79651,84803,1649.18,206.97,Asia
84,2023,1,MUMBAI,KABUL,0,0,50.25,0.0,Asia
85,2023,2,MUMBAI,KABUL,3,3,159.76,147.02,Asia
86,2023,3,MUMBAI,KABUL,0,0,24.3,0.0,Asia
87,2023,1,MUMBAI,KATHMANDU,23500,25765,33.19,1.06,Asia
88,2023,2,MUMBAI,KATHMANDU,24195,26787,24.48,1.86,Asia
89,2023,3,MUMBAI,KATHMANDU,16299,17130,27.93,0.0,Asia
90,2023,4,MUMBAI,KATHMANDU,19581,18851,32.2,0.48,Asia
91,2023,1,MUMBAI,KIGALI,2376,1676,0.0,0.0,Africa
92,2023,2,MUMBAI,KIGALI,2058,1923,52.38,0.0,Africa
93,2023,3,MUMBAI,KIGALI,2232,1928,33.54,0.0,Africa
94,2023,4,MUMBAI,KIGALI,1856,2354,56.18,0.0,Africa
95,2023,1,MUMBAI,KUALALUMPUR,39309,27115,757.47,820.43,Asia
96,2023,2,MUMBAI,KUALALUMPUR,35560,29893,1188.1,1085.3,Asia
97,2023,3,MUMBAI,KUALALUMPUR,33796,30400,927.21,853.73,Asia
98,2023,4,MUMBAI,KUALALUMPUR,33740,33632,813.83,899.26,Asia
99,2023,1,MUMBAI,KUWAIT,51281,34530,713.2,4.59,Asia
100,2023,2,MUMBAI,KUWAIT,45008,46370,989.14,10.37,Asia
101,2023,3,MUMBAI,KUWAIT,52280,38677,1138.67,8.6,Asia
102,2023,4,MUMBAI,KUWAIT,40895,47665,1115.89,6.71,Asia
103,2023,1,MUMBAI,LONDON,116011,91928,5862.18,3526.46,Europe
104,2023,2,MUMBAI,LONDON,116339,99244,6072.72,3192.4,Europe
105,2023,3,MUMBAI,LONDON,143470,119197,6692.73,3288.55,Europe
106,2023,4,MUMBAI,LONDON,125355,160245,8720.47,4000.62,Europe
107,2023,1,MUMBAI,MALE,36448,32843,269.25,3.25,Asia
108,2023,2,MUMBAI,MALE,30279,29635,207.65,1.08,Asia
109,2023,3,MUMBAI,MALE,30201,26649,185.77,0.48,Asia
110,2023,4,MUMBAI,MALE,31414,30439,254.58,0.37,Asia
111,2023,1,MUMBAI,MALPENSA,0,0,448.81,0.0,Europe
112,2023,4,MUMBAI,MELBOURNE,1694,1979,12.77,12.4,Oceania
113,2023,2,MUMBAI,MILAN,0,0,1193.25,0.0,Europe
114,2023,3,MUMBAI,MILAN,0,0,875.75,0.0,Europe
115,2023,1,MUMBAI,MUENCHEN,22116,18382,1116.09,1138.56,Europe
116,2023,2,MUMBAI,MUNICH,25227,21919,1565.3,1237.13,Europe
117,2023,3,MUMBAI,MUNICH,27147,23472,1449.73,1087.92,Europe
118,2023,4,MUMBAI,MUNICH,21241,23354,1086.01,901.19,Europe
119,2023,1,MUMBAI,MUSCAT,80019,52806,703.9,65.29,Asia
120,2023,2,MUMBAI,MUSCAT,61211,58475,1875.58,686.49,Asia
121,2023,3,MUMBAI,MUSCAT,76879,56771,1672.8,813.77,Asia
122,2023,4,MUMBAI,MUSCAT,71354,72232,3319.82,1236.1,Asia
123,2023,1,MUMBAI,NAIROBI,33417,14904,31.5,1.5,Africa
124,2023,2,MUMBAI,NAIROBI,22625,21874,36.48,3.72,Africa
125,2023,3,MUMBAI,NAIROBI,30513,28888,131.52,10.72,Africa
126,2023,4,MUMBAI,NAIROBI,27572,35339,288.35,21.16,Africa
127,2023,2,MUMBAI,NAJF,1454,2249,0.0,0.0,Asia
128,2023,3,MUMBAI,NAJF,1903,1789,0.0,0.0,Asia
129,2023,4,MUMBAI,NAJF,2069,1370,0.0,0.0,Asia
130,2023,1,MUMBAI,NEW YORK,12226,9490,174.57,248.44,North America
131,2023,2,MUMBAI,NEW YORK,19739,18362,298.91,361.46,North America
132,2023,3,MUMBAI,NEW YORK,23487,19663,437.72,419.09,North America
133,2023,4,MUMBAI,NEW YORK,18347,23050,664.72,545.98,North America
134,2023,1,MUMBAI,NEWARK,10809,11369,53.49,249.24,North America
135,2023,2,MUMBAI,"NEWARK, NEW YORK",11592,11608,60.09,143.08,North America
136,2023,3,MUMBAI,"NEWARK, NEW YORK",11993,10958,67.91,160.71,North America
137,2023,4,MUMBAI,"NEWARK, NEW YORK",9987,12206,109.16,199.69,North America
138,2023,1,MUMBAI,PARIS,29280,22994,1774.52,1022.05,Europe
139,2023,2,MUMBAI,PARIS,32924,26324,3290.15,1845.91,Europe
140,2023,3,MUMBAI,PARIS,33992,25383,3464.87,2033.56,Europe
141,2023,4,MUMBAI,PARIS,35739,38971,1844.46,930.05,Europe
142,2023,1,MUMBAI,PHUKET,28754,26890,6.84,18.12,Asia
143,2023,2,MUMBAI,PHUKET,22241,21534,1.0,84.96,Asia
144,2023,3,MUMBAI,PHUKET,19547,17808,0.0,60.35,Asia
145,2023,4,MUMBAI,PHUKET,19252,18450,0.0,47.37,Asia
146,2023,1,MUMBAI,PORT LOUIS,18443,16373,1013.56,64.27,Africa
147,2023,2,MUMBAI,"PORT LOUIS,MAURITIUS",19351,19461,760.71,45.84,Africa
148,2023,3,MUMBAI,"PORT LOUIS,MAURITIUS",20817,19198,823.65,44.08,Africa
149,2023,4,MUMBAI,"PORT LOUIS,MAURITIUS",20940,20385,916.74,50.13,Africa
150,2023,1,MUMBAI,RAS AL-KHAIMAH,32595,12198,6.03,0.0,Asia
151,2023,2,MUMBAI,RAS AL-KHAIMAH,21455,12532,1.21,0.0,Asia
152,2023,3,MUMBAI,RAS AL-KHAIMAH,15265,8567,0.14,0.0,Asia
153,2023,4,MUMBAI,RAS AL-KHAIMAH,14190,14233,0.0,0.0,Asia
154,2023,1,MUMBAI,RIYADH,53424,28928,563.03,46.51,Asia
155,2023,2,MUMBAI,RIYADH,35795,34697,605.52,96.29,Asia
156,2023,3,MUMBAI,RIYADH,39218,28628,557.98,19.69,Asia
157,2023,4,MUMBAI,RIYADH,44966,45758,576.5,31.49,Asia
158,2023,1,MUMBAI,SAN FRANCISCO,9749,10085,55.5,110.29,North America
159,2023,2,MUMBAI,SAN FRANCISCO,12945,12593,169.56,71.42,North America
160,2023,3,MUMBAI,SAN FRANCISCO,13810,12435,104.5,77.26,North America
161,2023,4,MUMBAI,SAN FRANCISCO,12066,13999,369.16,92.57,North America
162,2023,1,MUMBAI,SEYCHELLES,1782,1088,2.77,2.24,Africa
163,2023,2,MUMBAI,SEYCHELLES,2475,1738,10.77,0.17,Africa
164,2023,3,MUMBAI,SEYCHELLES,832,964,6.44,0.01,Africa
165,2023,4,MUMBAI,SEYCHELLES,1826,1808,18.85,0.4,Africa
166,2023,1,MUMBAI,SHARJAH,36471,30792,382.76,10.43,Asia
167,2023,2,MUMBAI,SHARJAH,36616,37227,565.32,12.19,Asia
168,2023,3,MUMBAI,SHARJAH,43980,33414,467.95,13.48,Asia
169,2023,4,MUMBAI,SHARJAH,43446,43119,307.67,121.56,Asia
170,2023,1,MUMBAI,SINGAPORE,102245,78242,1766.03,2096.18,Asia
171,2023,2,MUMBAI,SINGAPORE,92844,103316,2075.12,2284.59,Asia
172,2023,3,MUMBAI,SINGAPORE,95430,87549,1831.14,2658.63,Asia
173,2023,4,MUMBAI,SINGAPORE,110909,117453,2028.8,2404.06,Asia
174,2023,3,MUMBAI,TANGERANG,7925,7557,0.01,5.26,Asia
175,2023,4,MUMBAI,TANGERANG,10833,13421,6.15,4.42,Asia
176,2023,2,MUMBAI,TEHRAN,973,982,2.02,8.14,Asia
177,2023,4,MUMBAI,TEHRAN,1114,1238,11.45,14.64,Asia
178,2023,1,MUMBAI,ZURICH,19170,16544,520.88,627.13,Europe
179,2023,2,MUMBAI,ZURICH,16940,16295,1557.2,1250.67,Europe
180,2023,3,MUMBAI,ZURICH,19802,15034,1335.13,951.5,Europe
181,2023,4,MUMBAI,ZURICH,19662,20466,1337.02,1044.68,Europe
1,2024,1,MUMBAI,ABUDHABI,125920,130525,3775.88,1254.09,Asia
2,2024,2,MUMBAI,ABUDHABI,97023,124055,2369.74,3727.01,Asia
3,2024,1,MUMBAI,ADDIS ABABA,43077,29935,4541.51,1310.23,Africa
4,2024,2,MUMBAI,ADDIS ABABA,13808,9052,1066.06,366.78,Africa
5,2024,1,MUMBAI,ADEN,2306,1576,31.59,0.21,Asia
6,2024,2,MUMBAI,ADEN,1131,472,4.0,0.0,Asia
7,2024,1,MUMBAI,AMSTERDAM,25293,22547,1124.94,1176.2,Europe
8,2024,2,MUMBAI,AMSTERDAM,22515,18415,652.1,707.61,Europe
9,2024,1,MUMBAI,BAHRAIN,42101,28241,465.49,17.61,Asia
10,2024,2,MUMBAI,BAHRAIN,40705,36234,576.68,17.94,Asia
11,2024,1,MUMBAI,BANGKOK,79893,78456,1770.14,1340.89,Asia
12,2024,2,MUMBAI,BANGKOK,71758,73121,1757.33,1229.48,Asia
13,2024,1,MUMBAI,CAIRO,11190,7022,1370.64,195.32,Africa
14,2024,2,MUMBAI,CAIRO,8749,6755,2097.23,183.29,Africa
15,2024,1,MUMBAI,COLOMBO,32484,28082,552.62,343.05,Asia
16,2024,2,MUMBAI,COLOMBO,29893,24633,582.41,329.32,Asia
17,2024,1,MUMBAI,DAMMAM,47661,36110,152.22,0.0,Asia
18,2024,2,MUMBAI,DAMMAM,45529,43724,192.29,26.52,Asia
19,2024,1,MUMBAI,DAR ES SALAM,7674,6625,107.49,11.93,Africa
20,2024,2,MUMBAI,DAR ES SALAM,8999,8180,159.99,0.41,Africa
21,2024,1,MUMBAI,DHAKA,27889,26207,3.09,128.25,Asia
22,2024,2,MUMBAI,DHAKA,28901,26657,35.9,232.74,Asia
23,2024,1,MUMBAI,DOHA,89286,78585,6049.25,5672.91,Asia
24,2024,2,MUMBAI,DOHA,87154,86311,6209.77,4896.95,Asia
25,2024,1,MUMBAI,"DON MUEANG, BANGKOK ",13568,12347,32.46,96.98,
26,2024,2,MUMBAI,"DON MUEANG, BANGKOK ",14436,14392,57.94,57.27,
27,2024,1,MUMBAI,DUBAI,329912,300689,12482.22,4636.88,Asia
28,2024,2,MUMBAI,DUBAI,306542,299940,13426.7,5018.48,Asia
29,2024,1,MUMBAI,FRANKFURT,42633,32796,4355.16,6235.84,Europe
30,2024,2,MUMBAI,FRANKFURT,43291,34980,4841.88,6724.46,Europe
31,2024,2,MUMBAI,FUJAIRAH,337,153,0.0,0.0,Asia
32,2024,1,MUMBAI,GUANGZHOU,0,0,213.71,0.0,Asia
33,2024,2,MUMBAI,GUANGZHOU,0,0,271.91,0.0,Asia
34,2024,1,MUMBAI,HANOI,6316,5491,37.17,35.82,Asia
35,2024,2,MUMBAI,HANOI,7120,7286,43.99,14.1,Asia
36,2024,1,MUMBAI,HO CHI MINH CITY,14248,13022,388.12,338.54,Asia
37,2024,2,MUMBAI,HO CHI MINH CITY,13873,14374,437.8,480.64,Asia
38,2024,1,MUMBAI,HONG KONG,37750,28785,4605.06,5023.76,Asia
39,2024,2,MUMBAI,HONG KONG,33759,33019,3408.73,5711.61,Asia
40,2024,1,MUMBAI,ISTANBUL,68308,52278,3983.22,3765.61,Europe
41,2024,2,MUMBAI,ISTANBUL,70950,59618,4513.72,4426.44,Europe
42,2024,1,MUMBAI,JEDDAH,84432,76191,1722.85,221.63,Asia
43,2024,2,MUMBAI,JEDDAH,56027,69485,1271.43,56.79,Asia
44,2024,2,MUMBAI,KABUL,0,0,12.28,0.0,Asia
45,2024,1,MUMBAI,KATHMANDU,18367,17257,32.92,0.05,Asia
46,2024,2,MUMBAI,KATHMANDU,18084,19443,20.8,4.15,Asia
47,2024,1,MUMBAI,KIGALI,2065,1274,29.8,0.0,Africa
48,2024,1,MUMBAI,KUALALUMPUR,36562,31291,848.03,698.58,Asia
49,2024,2,MUMBAI,KUALALUMPUR,42180,40291,1252.62,1326.03,Asia
50,2024,1,MUMBAI,KUWAIT,47159,34965,1391.28,14.98,Asia
51,2024,2,MUMBAI,KUWAIT,47169,46363,1310.52,4.85,Asia
52,2024,1,MUMBAI,LONDON,162769,153503,13696.92,4699.1,Europe
53,2024,2,MUMBAI,LONDON,119729,108440,7550.32,3727.34,Europe
54,2024,1,MUMBAI,MALE,25455,25998,299.73,0.18,Asia
55,2024,2,MUMBAI,MALE,21411,22593,255.93,0.18,Asia
56,2024,1,MUMBAI,MELBOURNE,8941,8822,130.19,88.39,Oceania
57,2024,2,MUMBAI,MELBOURNE,8138,8619,126.37,48.98,Oceania
58,2024,1,MUMBAI,MONTREAL,0,0,0.0,0.0,North America
59,2024,1,MUMBAI,MUNICH,23860,20354,1165.5,1199.38,Europe
60,2024,2,MUMBAI,MUNICH,22736,18974,1366.21,1236.0,Europe
61,2024,1,MUMBAI,MUSCAT,70927,58883,1622.12,516.96,Asia
62,2024,2,MUMBAI,MUSCAT,55442,57498,792.86,178.71,Asia
63,2024,1,MUMBAI,NAIROBI,31178,28481,137.67,4.86,Africa
64,2024,2,MUMBAI,NAIROBI,35158,31727,205.43,2.65,Africa
65,2024,1,MUMBAI,NAJF,994,652,0.0,0.0,Asia
66,2024,1,MUMBAI,NEW YORK,23526,19128,577.76,427.76,North America
67,2024,2,MUMBAI,NEW YORK,24751,20382,381.36,535.75,North America
68,2024,1,MUMBAI,"NEWARK, NEW YORK",11208,10744,1.78,164.62,North America
69,2024,2,MUMBAI,"NEWARK, NEW YORK",10854,10180,9.36,149.49,North America
70,2024,1,MUMBAI,PARIS,43529,31731,1761.57,1187.05,Europe
71,2024,2,MUMBAI,PARIS,41329,34436,1937.19,1660.52,Europe
72,2024,2,MUMBAI,PARO,377,329,0.0,0.0,Asia
73,2024,1,MUMBAI,PHUKET,27186,25979,0.16,29.52,Asia
74,2024,2,MUMBAI,PHUKET,29600,28994,0.14,29.45,Asia
75,2024,1,MUMBAI,"PORT LOUIS,MAURITIUS",19844,22462,644.24,31.67,Africa
76,2024,2,MUMBAI,"PORT LOUIS,MAURITIUS",24837,20911,895.45,23.51,Africa
77,2024,1,MUMBAI,RAS AL-KHAIMAH,15122,13751,0.0,0.0,Asia
78,2024,2,MUMBAI,RAS AL-KHAIMAH,12531,13236,5.8,0.0,Asia
79,2024,1,MUMBAI,RIYADH,47174,40328,721.49,23.3,Asia
80,2024,2,MUMBAI,RIYADH,36134,39899,486.86,8.41,Asia
81,2024,1,MUMBAI,SAN FRANCISCO,14251,13424,375.96,135.51,North America
82,2024,2,MUMBAI,SAN FRANCISCO,14308,12820,143.06,123.86,North America
83,2024,1,MUMBAI,SEYCHELLES,1678,1256,6.57,0.0,Africa
84,2024,2,MUMBAI,SEYCHELLES,2175,1736,14.5,0.17,Africa
85,2024,1,MUMBAI,SHARJAH,43348,35914,505.48,4.56,Asia
86,2024,2,MUMBAI,SHARJAH,39235,37328,481.48,5.46,Asia
87,2024,1,MUMBAI,SINGAPORE,129227,105522,1994.99,2328.96,Asia
88,2024,2,MUMBAI,SINGAPORE,129241,119565,1990.87,2776.05,Asia
89,2024,1,MUMBAI,TANGERANG,14649,13355,8.16,3.6,Asia
90,2024,2,MUMBAI,TANGERANG,11497,10783,1.61,1.2,Asia
91,2024,2,MUMBAI,TASHKENT,1075,605,17.13,0.01,Asia
92,2024,1,MUMBAI,TEHRAN,992,1426,19.33,2.69,Asia
93,2024,2,MUMBAI,TEHRAN,801,305,6.82,0.62,Asia
94,2024,1,MUMBAI,ZURICH,20030,12452,1367.36,1179.61,Europe
95,2024,2,MUMBAI,ZURICH,20470,15949,1500.75,1049.75,Europe
